Workbook

Sheet Start Here
A1: Alpha Nodus — Social Media Performance & Demo Attribution Tracker
A2: Built for LinkedIn (company + founder), Instagram, X (plus Facebook / YouTube if you use them). Audience: independent imaging & radiology centers, USA.
B5: What this workbook answers
C6: 1. Which platform, content pillar, case study, format, hook and persona gets the best reach and engagement?
C7: 2. Which posts actually send imaging-center decision-makers to alphanodus.com, to the demo page, and into a booked demo?
C8: 3. What does each demo cost (if boosted) and how much pipeline did each post / case study create?
B10: Colour legend
B11: Input | C11: Yellow cell = you type here (or pick from the dropdown).
B12: Calculated | C12: Grey cell = formula. Don't type over it — it recalculates by itself.
B13: Public data | C13: Blue text = September 2026 data pulled from Alpha Nodus's public LinkedIn, Instagram and X pages on 28 Sep 2026. Overwrite with native-analytics numbers when you have them.
C14: Hover over any column header with a red corner triangle for a note on what to enter.
B16: Sheet map
B17: Post Tracker | C17: One row per post per platform. Details → auto tracking link → platform metrics → auto reach & engagement → website/demo funnel.
B18: Demo Pipeline | C18: One row per demo booked from ANY source. Its UTM / manual Post ID links the demo back to the post automatically.
B19: Dashboard | C19: Pick a date range. Headline KPIs, funnel, top 5 posts, and breakdowns by platform, account, pillar, case study, format, persona, hook, CTA, link placement, weekday, paid vs organic, monthly trend and demo sources.
B20: Case Studies | C20: Library of case studies (name, slug, client type, problem, result). Shows all-time reach, engagement and demos for each story.
B21: Follower Growth | C21: Weekly follower count per account → net new followers.
B22: Tracking Setup | C22: UTM rules, where each number comes from (GA4 paths), website set-up checklist, and every attribution scenario.
B23: Metric Definitions | C23: Exact formula for every calculated metric and platform-by-platform notes.
B24: Settings | C24: Dropdown lists, default landing page and engagement weights. Add new pillars / formats / personas here.
B26: Workflow
B27: Before posting | C27: Add a row: date, time, platform, account, format, pillar, case study, topic, hook, persona, CTA. The Post ID and Tracking URL appear automatically.
C28: Copy the Tracking URL (or shorten it and paste the short link in the Short Link column) and use it as the ONLY link in the post / first comment / bio / story sticker.
B29: Right after posting | C29: Paste the Live Post URL and the account's current follower count.
B30: Day 7 after posting | C30: Open the platform's post analytics and fill the purple Platform Metrics block. Always pull at the same age so posts compare fairly. Count ICP engagers.
B31: Weekly (Mondays) | C31: GA4 → fill Sessions, Engaged Sessions, Demo Page Visits for each post (see Tracking Setup). Update Follower Growth.
B32: Every demo booked | C32: Add a row to Demo Pipeline with the utm_* values from the form / CRM and the 'How did you hear about us?' answer. Update status, qualified and stage as it progresses.
B33: Monthly review | C33: Dashboard: which pillar / case study / format has the highest engagement rate AND demos? Write 'What We Learned' + 'Next Action' on the best and worst posts. Scale winners, retire losers.
B35: Data notes — September 2026 (pulled 28 Sep 2026)
B36: Accounts | C36: LinkedIn company page (2,640 followers), Instagram @alphanodus (61), X @AlphaNodus (46). No founder / employee accounts were included — add them as Account = Founder / Employee.
B37: What was found | C37: 13 posts: 5 LinkedIn (Sep 11, 14, 18, 23, 28), 4 Instagram and 4 X (Sep 11, 14, 18, 23 — the same four stories cross-posted). X and Instagram had no posts Sep 1–10; LinkedIn's public page only lists its 5 newest posts, so check LinkedIn for anything posted Sep 1–10.
B38: What's public | C38: LinkedIn & Instagram: likes/reactions and comments only. X: replies and views (used as impressions). Everything else (impressions, reach, saves, shares, clicks, profile visits) is only in each platform's own analytics — fill those yellow cells from there.
B39: Engagement rate | C39: Because LinkedIn / Instagram impressions aren't public, compare posts on 'Engagement Rate (by Followers)' until impressions are entered; then switch to 'Engagement Rate (by Reach)'.
B40: Website & demos | C40: The September posts didn't use UTM links, so website sessions and demos can't be traced to them. Start using each row's Tracking URL from the next post onward, and log every demo on Demo Pipeline.
B42: Rules that keep the data clean
C43: • Every post gets its own tracking link — never reuse a link across posts or platforms (the Post ID is the link's fingerprint).
C44: • Post ID = platform code + account code + date + time (e.g. LIC-260922-0900). A red Post ID means a duplicate — change the time by a minute.
C45: • Never put UTM links on alphanodus.com's own internal links — it resets the visitor's source.
C46: • One post published on 3 platforms = 3 rows (each gets its own link), sharing the same case study so they roll up together.
C47: • Judge a post on engagement rate (not raw likes) and on demos; judge a case study only after it has run on at least 2–3 posts.

Sheet Post Tracker
A1: Post Tracker — one row per post, per platform
A2: Yellow = you fill in · Grey = calculated, don't type over · Blue = September 2026 posts pulled from public profiles on 9/28 (see Start Here → Data notes).
A3: POST DETAILS | T3: TRACKING LINK (UTM) | AB3: PLATFORM METRICS (enter ~7 days after posting) | AO3: REACH & ENGAGEMENT (calculated) | AZ3: WEBSITE & DEMO FUNNEL | BN3: LEARNINGS | BP3: HELPERS (Dashboard)
A4: Post ID | B4: Publish Date | C4: Publish Time | D4: Day | E4: Week Of (Mon) | F4: Month | G4: Platform | H4: Account | I4: Post Format | J4: Content Pillar | K4: Case Study Featured | L4: Topic / Headline / First Line | M4: Hook Type | N4: Target Persona | O4: CTA | P4: Organic / Paid | Q4: Ad Spend ($) | R4: Live Post URL | S4: Followers at Posting | T4: Landing Page URL | U4: Link Placement | V4: utm_source | W4: utm_medium | X4: utm_campaign | Y4: utm_content | Z4: Tracking URL (copy into post) | AA4: Short Link (optional) | AB4: Data Pulled On | AC4: Impressions / Views | AD4: Reach (Reported) | AE4: Video Views | AF4: Likes / Reactions | AG4: Comments | AH4: Shares / Reposts | AI4: Saves / Bookmarks | AJ4: Link Clicks | AK4: Profile Visits | AL4: New Followers | AM4: ICP Engagers | AN4: Inbound DMs / Conversations | AO4: Reach (Calc.) | AP4: Reach Basis | AQ4: Reach % of Followers | AR4: Total Engagements | AS4: Engagement Rate (by Reach) | AT4: Engagement Rate (by Impr.) | AU4: Engagement Rate (by Followers) | AV4: Click-Through Rate | AW4: Share Rate | AX4: Weighted Eng. per 1K Reach | AY4: ER vs Platform Avg | AZ4: Website Sessions (GA4) | BA4: Engaged Sessions (GA4) | BB4: Demo Page Visits | BC4: Demo Form Starts (optional) | BD4: Demos Booked | BE4: Demos Attended | BF4: Qualified Demos | BG4: Deals Won | BH4: Pipeline Value ($) | BI4: Click → Session % | BJ4: Session → Demo Page % | BK4: Demo Page → Booked % | BL4: Session → Booked % | BM4: Cost per Demo ($) | BN4: What We Learned | BO4: Next Action | BP4: Engagements (posts with reach) | BQ4: Followers (posts with engagement data) | BR4: Rank Key: ER | BS4: Rank Key: Demos
A5: =IF(OR(B5="",G5="",H5=""),"",IFERROR(INDEX(Settings!$E$5:$E$49,MATCH(G5,Settings!$D$5:$D$49,0))&INDEX(Settings!$H$5:$H$47,MATCH(H5,Settings!$G$5:$G$47,0))&"-"&TEXT(B5,"yymmdd")&"-"&IF(C5="","0000",TEXT(C5,"hhmm")),"CHECK LISTS")) -> LIC-260911-1127 | B5: 46276 | C5: 0.47708333 | D5: =IF(B5="","",TEXT(B5,"ddd")) -> Fri | E5: =IF(B5="","",B5-WEEKDAY(B5,3)) -> 46272 | F5: =IF(B5="","",TEXT(B5,"yyyy-mm")) -> 2026-09 | G5: LinkedIn | H5: Company Page | I5: Long Video | J5: Product Demo / Feature | L5: Is your imaging center still running on fax, phones and payer portals? (3-min Gravity AI explainer video) | M5: Question | N5: Owner / CEO | O5: Book a Demo | P5: Organic | R5: https://www.linkedin.com/posts/alphanodus_is-your-imaging-center-stuck-in-the-past-activity-7504198831056764928-9QXW | S5: 2640 | U5: In Post Body | V5: =IF(A5="","",IFERROR(INDEX(Settings!$F$5:$F$49,MATCH(G5,Settings!$D$5:$D$49,0)),"")) -> linkedin | W5: =IF(A5="","",IF(OR(P5="",P5="Organic"),"social","paid_social")) -> social | X5: =IF(A5="","",IF(K5<>"",IFERROR(INDEX('Case Studies'!$C$5:$C$54,MATCH(K5,'Case Studies'!$B$5:$B$54,0))&"","case-study"),IF(J5<>"",IFERROR(INDEX(Settings!$J$5:$J$55,MATCH(J5,Settings!$I$5:$I$55,0)),"general"),"general"))) -> product | Y5: =IF(A5="","",LOWER(A5)) -> lic-260911-1127 | Z5: =IF(A5="","",IF(T5="",Settings!$B$5,T5)&IF(ISNUMBER(FIND("?",IF(T5="",Settings!$B$5,T5))),"&","?")&"utm_source="&V5&"&utm_medium="&W5&"&utm_campaign="&X5&"&utm_content="&Y5) -> https://www.alphanodus.com/contact?utm_source=linkedin&utm_medium=social&utm_campaign=product&utm_content=lic-260911-1127 | AB5: 46293 | AO5: =IF(A5="","",IF(AD5<>"",AD5,IF(AC5<>"",AC5,""))) | AP5: =IF(AO5="","",IF(AD5<>"","Reported reach","Impressions (proxy)")) | AQ5: =IF(OR(AO5="",N(S5)=0),"",AO5/S5) | AR5: =IF(A5="","",IF(COUNT(AF5:AJ5)=0,"",SUM(AF5:AJ5))) | AS5: =IF(OR(AR5="",N(AO5)=0),"",AR5/AO5) | AT5: =IF(OR(AR5="",N(AC5)=0),"",AR5/AC5) | AU5: =IF(OR(AR5="",N(S5)=0),"",AR5/S5) | AV5: =IF(OR(AJ5="",N(AC5)=0),"",AJ5/AC5) | AW5: =IF(OR(AH5="",N(AO5)=0),"",AH5/AO5) | AX5: =IF(OR(AR5="",N(AO5)=0),"",(N(AF5)*Settings!$B$6+N(AG5)*Settings!$B$7+N(AH5)*Settings!$B$8+N(AI5)*Settings!$B$9+N(AJ5)*Settings!$B$10)/AO5*1000) | AY5: =IF(AS5="","",IFERROR(AS5/AVERAGEIFS('Post Tracker'!$AS$5:$AS$1004,'Post Tracker'!$G$5:$G$1004,G5),"")) | BD5: =IF(A5="","",COUNTIFS('Demo Pipeline'!$Q$5:$Q$504,A5)) -> 0 | BE5: =IF(A5="","",COUNTIFS('Demo Pipeline'!$Q$5:$Q$504,A5,'Demo Pipeline'!$W$5:$W$504,"Attended")) -> 0 | BF5: =IF(A5="","",COUNTIFS('Demo Pipeline'!$Q$5:$Q$504,A5,'Demo Pipeline'!$X$5:$X$504,"Yes")) -> 0 | BG5: =IF(A5="","",COUNTIFS('Demo Pipeline'!$Q$5:$Q$504,A5,'Demo Pipeline'!$Y$5:$Y$504,"Closed Won")) -> 0 | BH5: =IF(A5="","",SUMIFS('Demo Pipeline'!$Z$5:$Z$504,'Demo Pipeline'!$Q$5:$Q$504,A5)) -> 0 | BI5: =IF(OR(AZ5="",N(AJ5)=0),"",AZ5/AJ5) | BJ5: =IF(OR(BB5="",N(AZ5)=0),"",BB5/AZ5) | BK5: =IF(OR(A5="",N(BB5)=0),"",BD5/BB5) | BL5: =IF(OR(A5="",N(AZ5)=0),"",BD5/AZ5) | BM5: =IF(OR(N(Q5)=0,N(BD5)=0),"",Q5/BD5) | BN5: Public-page pull 9/28. Impressions, reach, reposts & clicks aren't public - add from LinkedIn page analytics. Reaction/comment counts weren't shown publicly for this video - fill in from analytics. | BP5: =IF(OR(AR5="",N(AO5)=0),"",AR5) | BQ5: =IF(OR(AR5="",N(S5)=0),"",S5) | BR5: =IF(AND(ISNUMBER(B5),B5>=Dashboard!$C$4,B5<=Dashboard!$F$4,ISNUMBER(AU5)),AU5+ROW()/10^9,"") | BS5: =IF(AND(ISNUMBER(B5),B5>=Dashboard!$C$4,B5<=Dashboard!$F$4,A5<>""),N(BD5)+N(AU5)/100+ROW()/10^9,"") -> 5e-09
A6: =IF(OR(B6="",G6="",H6=""),"",IFERROR(INDEX(Settings!$E$5:$E$49,MATCH(G6,Settings!$D$5:$D$49,0))&INDEX(Settings!$H$5:$H$47,MATCH(H6,Settings!$G$5:$G$47,0))&"-"&TEXT(B6,"yymmdd")&"-"&IF(C6="","0000",TEXT(C6,"hhmm")),"CHECK LISTS")) -> LIC-260914-1258 | B6: 46279 | C6: 0.54027778 | D6: =IF(B6="","",TEXT(B6,"ddd")) -> Mon | E6: =IF(B6="","",B6-WEEKDAY(B6,3)) -> 46279 | F6: =IF(B6="","",TEXT(B6,"yyyy-mm")) -> 2026-09 | G6: LinkedIn | H6: Company Page | J6: Operations Tips (Scheduling, No-shows, Throughput) | L6: Scanners idle a third of the day, next slot 3 weeks out - the queue nobody owns | M6: Stat / Number | N6: Owner / CEO | O6: Comment / Engage | P6: Organic | R6: https://www.linkedin.com/posts/alphanodus_radiology-medicalimaging-imagingcenters-activity-7505309133571686400-slZz | S6: 2640 | U6: No Link | V6: =IF(A6="","",IFERROR(INDEX(Settings!$F$5:$F$49,MATCH(G6,Settings!$D$5:$D$49,0)),"")) -> linkedin | W6: =IF(A6="","",IF(OR(P6="",P6="Organic"),"social","paid_social")) -> social | X6: =IF(A6="","",IF(K6<>"",IFERROR(INDEX('Case Studies'!$C$5:$C$54,MATCH(K6,'Case Studies'!$B$5:$B$54,0))&"","case-study"),IF(J6<>"",IFERROR(INDEX(Settings!$J$5:$J$55,MATCH(J6,Settings!$I$5:$I$55,0)),"general"),"general"))) -> ops-tips | Y6: =IF(A6="","",LOWER(A6)) -> lic-260914-1258 | Z6: =IF(A6="","",IF(T6="",Settings!$B$5,T6)&IF(ISNUMBER(FIND("?",IF(T6="",Settings!$B$5,T6))),"&","?")&"utm_source="&V6&"&utm_medium="&W6&"&utm_campaign="&X6&"&utm_content="&Y6) -> https://www.alphanodus.com/contact?utm_source=linkedin&utm_medium=social&utm_campaign=ops-tips&utm_content=lic-260914-1258 | AB6: 46293 | AF6: 16 | AG6: 0 | AO6: =IF(A6="","",IF(AD6<>"",AD6,IF(AC6<>"",AC6,""))) | AP6: =IF(AO6="","",IF(AD6<>"","Reported reach","Impressions (proxy)")) | AQ6: =IF(OR(AO6="",N(S6)=0),"",AO6/S6) | AR6: =IF(A6="","",IF(COUNT(AF6:AJ6)=0,"",SUM(AF6:AJ6))) -> 16 | AS6: =IF(OR(AR6="",N(AO6)=0),"",AR6/AO6) | AT6: =IF(OR(AR6="",N(AC6)=0),"",AR6/AC6) | AU6: =IF(OR(AR6="",N(S6)=0),"",AR6/S6) -> 0.0060606061 | AV6: =IF(OR(AJ6="",N(AC6)=0),"",AJ6/AC6) | AW6: =IF(OR(AH6="",N(AO6)=0),"",AH6/AO6) | AX6: =IF(OR(AR6="",N(AO6)=0),"",(N(AF6)*Settings!$B$6+N(AG6)*Settings!$B$7+N(AH6)*Settings!$B$8+N(AI6)*Settings!$B$9+N(AJ6)*Settings!$B$10)/AO6*1000) | AY6: =IF(AS6="","",IFERROR(AS6/AVERAGEIFS('Post Tracker'!$AS$5:$AS$1004,'Post Tracker'!$G$5:$G$1004,G6),"")) | BD6: =IF(A6="","",COUNTIFS('Demo Pipeline'!$Q$5:$Q$504,A6)) -> 0 | BE6: =IF(A6="","",COUNTIFS('Demo Pipeline'!$Q$5:$Q$504,A6,'Demo Pipeline'!$W$5:$W$504,"Attended")) -> 0 | BF6: =IF(A6="","",COUNTIFS('Demo Pipeline'!$Q$5:$Q$504,A6,'Demo Pipeline'!$X$5:$X$504,"Yes")) -> 0 | BG6: =IF(A6="","",COUNTIFS('Demo Pipeline'!$Q$5:$Q$504,A6,'Demo Pipeline'!$Y$5:$Y$504,"Closed Won")) -> 0 | BH6: =IF(A6="","",SUMIFS('Demo Pipeline'!$Z$5:$Z$504,'Demo Pipeline'!$Q$5:$Q$504,A6)) -> 0 | BI6: =IF(OR(AZ6="",N(AJ6)=0),"",AZ6/AJ6) | BJ6: =IF(OR(BB6="",N(AZ6)=0),"",BB6/AZ6) | BK6: =IF(OR(A6="",N(BB6)=0),"",BD6/BB6) | BL6: =IF(OR(A6="",N(AZ6)=0),"",BD6/AZ6) | BM6: =IF(OR(N(Q6)=0,N(BD6)=0),"",Q6/BD6) | BN6: Public-page pull 9/28. Impressions, reach, reposts & clicks aren't public - add from LinkedIn page analytics. Media format not visible on the public page - set it. | BP6: =IF(OR(AR6="",N(AO6)=0),"",AR6) | BQ6: =IF(OR(AR6="",N(S6)=0),"",S6) -> 2640 | BR6: =IF(AND(ISNUMBER(B6),B6>=Dashboard!$C$4,B6<=Dashboard!$F$4,ISNUMBER(AU6)),AU6+ROW()/10^9,"") -> 0.0060606121 | BS6: =IF(AND(ISNUMBER(B6),B6>=Dashboard!$C$4,B6<=Dashboard!$F$4,A6<>""),N(BD6)+N(AU6)/100+ROW()/10^9,"") -> 6.0612061e-05
A7: =IF(OR(B7="",G7="",H7=""),"",IFERROR(INDEX(Settings!$E$5:$E$49,MATCH(G7,Settings!$D$5:$D$49,0))&INDEX(Settings!$H$5:$H$47,MATCH(H7,Settings!$G$5:$G$47,0))&"-"&TEXT(B7,"yymmdd")&"-"&IF(C7="","0000",TEXT(C7,"hhmm")),"CHECK LISTS")) -> LIC-260918-1242 | B7: 46283 | C7: 0.52916667 | D7: =IF(B7="","",TEXT(B7,"ddd")) -> Fri | E7: =IF(B7="","",B7-WEEKDAY(B7,3)) -> 46279 | F7: =IF(B7="","",TEXT(B7,"yyyy-mm")) -> 2026-09 | G7: LinkedIn | H7: Company Page | J7: Revenue Cycle & Denials | L7: An order arrives with one field missing - when does it get flagged? | M7: Story / Anecdote | N7: Revenue Cycle / Billing Lead | O7: Comment / Engage | P7: Organic | R7: https://www.linkedin.com/posts/alphanodus_radiologymanagement-revenuecyclemanagement-activity-7506754588167806979-g7vi | S7: 2640 | U7: No Link | V7: =IF(A7="","",IFERROR(INDEX(Settings!$F$5:$F$49,MATCH(G7,Settings!$D$5:$D$49,0)),"")) -> linkedin | W7: =IF(A7="","",IF(OR(P7="",P7="Organic"),"social","paid_social")) -> social | X7: =IF(A7="","",IF(K7<>"",IFERROR(INDEX('Case Studies'!$C$5:$C$54,MATCH(K7,'Case Studies'!$B$5:$B$54,0))&"","case-study"),IF(J7<>"",IFERROR(INDEX(Settings!$J$5:$J$55,MATCH(J7,Settings!$I$5:$I$55,0)),"general"),"general"))) -> rcm | Y7: =IF(A7="","",LOWER(A7)) -> lic-260918-1242 | Z7: =IF(A7="","",IF(T7="",Settings!$B$5,T7)&IF(ISNUMBER(FIND("?",IF(T7="",Settings!$B$5,T7))),"&","?")&"utm_source="&V7&"&utm_medium="&W7&"&utm_campaign="&X7&"&utm_content="&Y7) -> https://www.alphanodus.com/contact?utm_source=linkedin&utm_medium=social&utm_campaign=rcm&utm_content=lic-260918-1242 | AB7: 46293 | AF7: 5 | AG7: 1 | AO7: =IF(A7="","",IF(AD7<>"",AD7,IF(AC7<>"",AC7,""))) | AP7: =IF(AO7="","",IF(AD7<>"","Reported reach","Impressions (proxy)")) | AQ7: =IF(OR(AO7="",N(S7)=0),"",AO7/S7) | AR7: =IF(A7="","",IF(COUNT(AF7:AJ7)=0,"",SUM(AF7:AJ7))) -> 6 | AS7: =IF(OR(AR7="",N(AO7)=0),"",AR7/AO7) | AT7: =IF(OR(AR7="",N(AC7)=0),"",AR7/AC7) | AU7: =IF(OR(AR7="",N(S7)=0),"",AR7/S7) -> 0.0022727273 | AV7: =IF(OR(AJ7="",N(AC7)=0),"",AJ7/AC7) | AW7: =IF(OR(AH7="",N(AO7)=0),"",AH7/AO7) | AX7: =IF(OR(AR7="",N(AO7)=0),"",(N(AF7)*Settings!$B$6+N(AG7)*Settings!$B$7+N(AH7)*Settings!$B$8+N(AI7)*Settings!$B$9+N(AJ7)*Settings!$B$10)/AO7*1000) | AY7: =IF(AS7="","",IFERROR(AS7/AVERAGEIFS('Post Tracker'!$AS$5:$AS$1004,'Post Tracker'!$G$5:$G$1004,G7),"")) | BD7: =IF(A7="","",COUNTIFS('Demo Pipeline'!$Q$5:$Q$504,A7)) -> 0 | BE7: =IF(A7="","",COUNTIFS('Demo Pipeline'!$Q$5:$Q$504,A7,'Demo Pipeline'!$W$5:$W$504,"Attended")) -> 0 | BF7: =IF(A7="","",COUNTIFS('Demo Pipeline'!$Q$5:$Q$504,A7,'Demo Pipeline'!$X$5:$X$504,"Yes")) -> 0 | BG7: =IF(A7="","",COUNTIFS('Demo Pipeline'!$Q$5:$Q$504,A7,'Demo Pipeline'!$Y$5:$Y$504,"Closed Won")) -> 0 | BH7: =IF(A7="","",SUMIFS('Demo Pipeline'!$Z$5:$Z$504,'Demo Pipeline'!$Q$5:$Q$504,A7)) -> 0 | BI7: =IF(OR(AZ7="",N(AJ7)=0),"",AZ7/AJ7) | BJ7: =IF(OR(BB7="",N(AZ7)=0),"",BB7/AZ7) | BK7: =IF(OR(A7="",N(BB7)=0),"",BD7/BB7) | BL7: =IF(OR(A7="",N(AZ7)=0),"",BD7/AZ7) | BM7: =IF(OR(N(Q7)=0,N(BD7)=0),"",Q7/BD7) | BN7: Public-page pull 9/28. Impressions, reach, reposts & clicks aren't public - add from LinkedIn page analytics. Media format not visible on the public page - set it. | BP7: =IF(OR(AR7="",N(AO7)=0),"",AR7) | BQ7: =IF(OR(AR7="",N(S7)=0),"",S7) -> 2640 | BR7: =IF(AND(ISNUMBER(B7),B7>=Dashboard!$C$4,B7<=Dashboard!$F$4,ISNUMBER(AU7)),AU7+ROW()/10^9,"") -> 0.0022727343 | BS7: =IF(AND(ISNUMBER(B7),B7>=Dashboard!$C$4,B7<=Dashboard!$F$4,A7<>""),N(BD7)+N(AU7)/100+ROW()/10^9,"") -> 2.2734273e-05
A8: =IF(OR(B8="",G8="",H8=""),"",IFERROR(INDEX(Settings!$E$5:$E$49,MATCH(G8,Settings!$D$5:$D$49,0))&INDEX(Settings!$H$5:$H$47,MATCH(H8,Settings!$G$5:$G$47,0))&"-"&TEXT(B8,"yymmdd")&"-"&IF(C8="","0000",TEXT(C8,"hhmm")),"CHECK LISTS")) -> LIC-260923-1906 | B8: 46288 | C8: 0.79583333 | D8: =IF(B8="","",TEXT(B8,"ddd")) -> Wed | E8: =IF(B8="","",B8-WEEKDAY(B8,3)) -> 46286 | F8: =IF(B8="","",TEXT(B8,"yyyy-mm")) -> 2026-09 | G8: LinkedIn | H8: Company Page | J8: Revenue Cycle & Denials | L8: An imaging order arrives by fax: 4 manual handoffs before it's billable | M8: Story / Anecdote | N8: Revenue Cycle / Billing Lead | O8: Book a Demo | P8: Organic | R8: https://www.linkedin.com/posts/alphanodus_revenuecyclemanagement-radiology-imagingcenters-activity-7508663072018939904-A0PG | S8: 2640 | U8: First Comment | V8: =IF(A8="","",IFERROR(INDEX(Settings!$F$5:$F$49,MATCH(G8,Settings!$D$5:$D$49,0)),"")) -> linkedin | W8: =IF(A8="","",IF(OR(P8="",P8="Organic"),"social","paid_social")) -> social | X8: =IF(A8="","",IF(K8<>"",IFERROR(INDEX('Case Studies'!$C$5:$C$54,MATCH(K8,'Case Studies'!$B$5:$B$54,0))&"","case-study"),IF(J8<>"",IFERROR(INDEX(Settings!$J$5:$J$55,MATCH(J8,Settings!$I$5:$I$55,0)),"general"),"general"))) -> rcm | Y8: =IF(A8="","",LOWER(A8)) -> lic-260923-1906 | Z8: =IF(A8="","",IF(T8="",Settings!$B$5,T8)&IF(ISNUMBER(FIND("?",IF(T8="",Settings!$B$5,T8))),"&","?")&"utm_source="&V8&"&utm_medium="&W8&"&utm_campaign="&X8&"&utm_content="&Y8) -> https://www.alphanodus.com/contact?utm_source=linkedin&utm_medium=social&utm_campaign=rcm&utm_content=lic-260923-1906 | AB8: 46293 | AF8: 4 | AG8: 1 | AO8: =IF(A8="","",IF(AD8<>"",AD8,IF(AC8<>"",AC8,""))) | AP8: =IF(AO8="","",IF(AD8<>"","Reported reach","Impressions (proxy)")) | AQ8: =IF(OR(AO8="",N(S8)=0),"",AO8/S8) | AR8: =IF(A8="","",IF(COUNT(AF8:AJ8)=0,"",SUM(AF8:AJ8))) -> 5 | AS8: =IF(OR(AR8="",N(AO8)=0),"",AR8/AO8) | AT8: =IF(OR(AR8="",N(AC8)=0),"",AR8/AC8) | AU8: =IF(OR(AR8="",N(S8)=0),"",AR8/S8) -> 0.0018939394 | AV8: =IF(OR(AJ8="",N(AC8)=0),"",AJ8/AC8) | AW8: =IF(OR(AH8="",N(AO8)=0),"",AH8/AO8) | AX8: =IF(OR(AR8="",N(AO8)=0),"",(N(AF8)*Settings!$B$6+N(AG8)*Settings!$B$7+N(AH8)*Settings!$B$8+N(AI8)*Settings!$B$9+N(AJ8)*Settings!$B$10)/AO8*1000) | AY8: =IF(AS8="","",IFERROR(AS8/AVERAGEIFS('Post Tracker'!$AS$5:$AS$1004,'Post Tracker'!$G$5:$G$1004,G8),"")) | BD8: =IF(A8="","",COUNTIFS('Demo Pipeline'!$Q$5:$Q$504,A8)) -> 0 | BE8: =IF(A8="","",COUNTIFS('Demo Pipeline'!$Q$5:$Q$504,A8,'Demo Pipeline'!$W$5:$W$504,"Attended")) -> 0 | BF8: =IF(A8="","",COUNTIFS('Demo Pipeline'!$Q$5:$Q$504,A8,'Demo Pipeline'!$X$5:$X$504,"Yes")) -> 0 | BG8: =IF(A8="","",COUNTIFS('Demo Pipeline'!$Q$5:$Q$504,A8,'Demo Pipeline'!$Y$5:$Y$504,"Closed Won")) -> 0 | BH8: =IF(A8="","",SUMIFS('Demo Pipeline'!$Z$5:$Z$504,'Demo Pipeline'!$Q$5:$Q$504,A8)) -> 0 | BI8: =IF(OR(AZ8="",N(AJ8)=0),"",AZ8/AJ8) | BJ8: =IF(OR(BB8="",N(AZ8)=0),"",BB8/AZ8) | BK8: =IF(OR(A8="",N(BB8)=0),"",BD8/BB8) | BL8: =IF(OR(A8="",N(AZ8)=0),"",BD8/AZ8) | BM8: =IF(OR(N(Q8)=0,N(BD8)=0),"",Q8/BD8) | BN8: Public-page pull 9/28. Impressions, reach, reposts & clicks aren't public - add from LinkedIn page analytics. Media format not visible on the public page - set it. | BP8: =IF(OR(AR8="",N(AO8)=0),"",AR8) | BQ8: =IF(OR(AR8="",N(S8)=0),"",S8) -> 2640 | BR8: =IF(AND(ISNUMBER(B8),B8>=Dashboard!$C$4,B8<=Dashboard!$F$4,ISNUMBER(AU8)),AU8+ROW()/10^9,"") -> 0.0018939474 | BS8: =IF(AND(ISNUMBER(B8),B8>=Dashboard!$C$4,B8<=Dashboard!$F$4,A8<>""),N(BD8)+N(AU8)/100+ROW()/10^9,"") -> 1.8947394e-05
A9: =IF(OR(B9="",G9="",H9=""),"",IFERROR(INDEX(Settings!$E$5:$E$49,MATCH(G9,Settings!$D$5:$D$49,0))&INDEX(Settings!$H$5:$H$47,MATCH(H9,Settings!$G$5:$G$47,0))&"-"&TEXT(B9,"yymmdd")&"-"&IF(C9="","0000",TEXT(C9,"hhmm")),"CHECK LISTS")) -> LIC-260928-1416 | B9: 46293 | C9: 0.59444444 | D9: =IF(B9="","",TEXT(B9,"ddd")) -> Mon | E9: =IF(B9="","",B9-WEEKDAY(B9,3)) -> 46293 | F9: =IF(B9="","",TEXT(B9,"yyyy-mm")) -> 2026-09 | G9: LinkedIn | H9: Company Page | I9: Poll | J9: Industry Insight / Data | L9: Poll: How many referrals went to another center last month? | M9: Question | N9: Owner / CEO | O9: Comment / Engage | P9: Organic | R9: https://www.linkedin.com/posts/alphanodus_imagingcenters-healthcareoperations-radiology-activity-7510401945279295488-5wJH | S9: 2640 | U9: No Link | V9: =IF(A9="","",IFERROR(INDEX(Settings!$F$5:$F$49,MATCH(G9,Settings!$D$5:$D$49,0)),"")) -> linkedin | W9: =IF(A9="","",IF(OR(P9="",P9="Organic"),"social","paid_social")) -> social | X9: =IF(A9="","",IF(K9<>"",IFERROR(INDEX('Case Studies'!$C$5:$C$54,MATCH(K9,'Case Studies'!$B$5:$B$54,0))&"","case-study"),IF(J9<>"",IFERROR(INDEX(Settings!$J$5:$J$55,MATCH(J9,Settings!$I$5:$I$55,0)),"general"),"general"))) -> insight | Y9: =IF(A9="","",LOWER(A9)) -> lic-260928-1416 | Z9: =IF(A9="","",IF(T9="",Settings!$B$5,T9)&IF(ISNUMBER(FIND("?",IF(T9="",Settings!$B$5,T9))),"&","?")&"utm_source="&V9&"&utm_medium="&W9&"&utm_campaign="&X9&"&utm_content="&Y9) -> https://www.alphanodus.com/contact?utm_source=linkedin&utm_medium=social&utm_campaign=insight&utm_content=lic-260928-1416 | AB9: 46293 | AF9: 1 | AG9: 1 | AO9: =IF(A9="","",IF(AD9<>"",AD9,IF(AC9<>"",AC9,""))) | AP9: =IF(AO9="","",IF(AD9<>"","Reported reach","Impressions (proxy)")) | AQ9: =IF(OR(AO9="",N(S9)=0),"",AO9/S9) | AR9: =IF(A9="","",IF(COUNT(AF9:AJ9)=0,"",SUM(AF9:AJ9))) -> 2 | AS9: =IF(OR(AR9="",N(AO9)=0),"",AR9/AO9) | AT9: =IF(OR(AR9="",N(AC9)=0),"",AR9/AC9) | AU9: =IF(OR(AR9="",N(S9)=0),"",AR9/S9) -> 0.00075757576 | AV9: =IF(OR(AJ9="",N(AC9)=0),"",AJ9/AC9) | AW9: =IF(OR(AH9="",N(AO9)=0),"",AH9/AO9) | AX9: =IF(OR(AR9="",N(AO9)=0),"",(N(AF9)*Settings!$B$6+N(AG9)*Settings!$B$7+N(AH9)*Settings!$B$8+N(AI9)*Settings!$B$9+N(AJ9)*Settings!$B$10)/AO9*1000) | AY9: =IF(AS9="","",IFERROR(AS9/AVERAGEIFS('Post Tracker'!$AS$5:$AS$1004,'Post Tracker'!$G$5:$G$1004,G9),"")) | BD9: =IF(A9="","",COUNTIFS('Demo Pipeline'!$Q$5:$Q$504,A9)) -> 0 | BE9: =IF(A9="","",COUNTIFS('Demo Pipeline'!$Q$5:$Q$504,A9,'Demo Pipeline'!$W$5:$W$504,"Attended")) -> 0 | BF9: =IF(A9="","",COUNTIFS('Demo Pipeline'!$Q$5:$Q$504,A9,'Demo Pipeline'!$X$5:$X$504,"Yes")) -> 0 | BG9: =IF(A9="","",COUNTIFS('Demo Pipeline'!$Q$5:$Q$504,A9,'Demo Pipeline'!$Y$5:$Y$504,"Closed Won")) -> 0 | BH9: =IF(A9="","",SUMIFS('Demo Pipeline'!$Z$5:$Z$504,'Demo Pipeline'!$Q$5:$Q$504,A9)) -> 0 | BI9: =IF(OR(AZ9="",N(AJ9)=0),"",AZ9/AJ9) | BJ9: =IF(OR(BB9="",N(AZ9)=0),"",BB9/AZ9) | BK9: =IF(OR(A9="",N(BB9)=0),"",BD9/BB9) | BL9: =IF(OR(A9="",N(AZ9)=0),"",BD9/AZ9) | BM9: =IF(OR(N(Q9)=0,N(BD9)=0),"",Q9/BD9) | BN9: Public-page pull 9/28. Impressions, reach, reposts & clicks aren't public - add from LinkedIn page analytics. Only ~3 hours old when pulled - re-pull on Oct 5 before judging it. | BP9: =IF(OR(AR9="",N(AO9)=0),"",AR9) | BQ9: =IF(OR(AR9="",N(S9)=0),"",S9) -> 2640 | BR9: =IF(AND(ISNUMBER(B9),B9>=Dashboard!$C$4,B9<=Dashboard!$F$4,ISNUMBER(AU9)),AU9+ROW()/10^9,"") -> 0.00075758476 | BS9: =IF(AND(ISNUMBER(B9),B9>=Dashboard!$C$4,B9<=Dashboard!$F$4,A9<>""),N(BD9)+N(AU9)/100+ROW()/10^9,"") -> 7.5847576e-06
A10: =IF(OR(B10="",G10="",H10=""),"",IFERROR(INDEX(Settings!$E$5:$E$49,MATCH(G10,Settings!$D$5:$D$49,0))&INDEX(Settings!$H$5:$H$47,MATCH(H10,Settings!$G$5:$G$47,0))&"-"&TEXT(B10,"yymmdd")&"-"&IF(C10="","0000",TEXT(C10,"hhmm")),"CHECK LISTS")) -> IGC-260911-1147 | B10: 46276 | C10: 0.49097222 | D10: =IF(B10="","",TEXT(B10,"ddd")) -> Fri | E10: =IF(B10="","",B10-WEEKDAY(B10,3)) -> 46272 | F10: =IF(B10="","",TEXT(B10,"yyyy-mm")) -> 2026-09 | G10: Instagram | H10: Company Page | I10: Short Video / Reel | J10: Product Demo / Feature | L10: Is your imaging center still running on fax, phones and payer portals? (3-min Gravity AI explainer video) | M10: Question | N10: Owner / CEO | O10: Book a Demo | P10: Organic | R10: https://www.instagram.com/alphanodus/reel/DdJxFt3t07x/ | S10: 61 | U10: Link in Bio | V10: =IF(A10="","",IFERROR(INDEX(Settings!$F$5:$F$49,MATCH(G10,Settings!$D$5:$D$49,0)),"")) -> instagram | W10: =IF(A10="","",IF(OR(P10="",P10="Organic"),"social","paid_social")) -> social | X10: =IF(A10="","",IF(K10<>"",IFERROR(INDEX('Case Studies'!$C$5:$C$54,MATCH(K10,'Case Studies'!$B$5:$B$54,0))&"","case-study"),IF(J10<>"",IFERROR(INDEX(Settings!$J$5:$J$55,MATCH(J10,Settings!$I$5:$I$55,0)),"general"),"general"))) -> product | Y10: =IF(A10="","",LOWER(A10)) -> igc-260911-1147 | Z10: =IF(A10="","",IF(T10="",Settings!$B$5,T10)&IF(ISNUMBER(FIND("?",IF(T10="",Settings!$B$5,T10))),"&","?")&"utm_source="&V10&"&utm_medium="&W10&"&utm_campaign="&X10&"&utm_content="&Y10) -> https://www.alphanodus.com/contact?utm_source=instagram&utm_medium=social&utm_campaign=product&utm_content=igc-260911-1147 | AB10: 46293 | AF10: 7 | AG10: 0 | AO10: =IF(A10="","",IF(AD10<>"",AD10,IF(AC10<>"",AC10,""))) | AP10: =IF(AO10="","",IF(AD10<>"","Reported reach","Impressions (proxy)")) | AQ10: =IF(OR(AO10="",N(S10)=0),"",AO10/S10) | AR10: =IF(A10="","",IF(COUNT(AF10:AJ10)=0,"",SUM(AF10:AJ10))) -> 7 | AS10: =IF(OR(AR10="",N(AO10)=0),"",AR10/AO10) | AT10: =IF(OR(AR10="",N(AC10)=0),"",AR10/AC10) | AU10: =IF(OR(AR10="",N(S10)=0),"",AR10/S10) -> 0.1147541 | AV10: =IF(OR(AJ10="",N(AC10)=0),"",AJ10/AC10) | AW10: =IF(OR(AH10="",N(AO10)=0),"",AH10/AO10) | AX10: =IF(OR(AR10="",N(AO10)=0),"",(N(AF10)*Settings!$B$6+N(AG10)*Settings!$B$7+N(AH10)*Settings!$B$8+N(AI10)*Settings!$B$9+N(AJ10)*Settings!$B$10)/AO10*1000) | AY10: =IF(AS10="","",IFERROR(AS10/AVERAGEIFS('Post Tracker'!$AS$5:$AS$1004,'Post Tracker'!$G$5:$G$1004,G10),"")) | BD10: =IF(A10="","",COUNTIFS('Demo Pipeline'!$Q$5:$Q$504,A10)) -> 0 | BE10: =IF(A10="","",COUNTIFS('Demo Pipeline'!$Q$5:$Q$504,A10,'Demo Pipeline'!$W$5:$W$504,"Attended")) -> 0 | BF10: =IF(A10="","",COUNTIFS('Demo Pipeline'!$Q$5:$Q$504,A10,'Demo Pipeline'!$X$5:$X$504,"Yes")) -> 0 | BG10: =IF(A10="","",COUNTIFS('Demo Pipeline'!$Q$5:$Q$504,A10,'Demo Pipeline'!$Y$5:$Y$504,"Closed Won")) -> 0 | BH10: =IF(A10="","",SUMIFS('Demo Pipeline'!$Z$5:$Z$504,'Demo Pipeline'!$Q$5:$Q$504,A10)) -> 0 | BI10: =IF(OR(AZ10="",N(AJ10)=0),"",AZ10/AJ10) | BJ10: =IF(OR(BB10="",N(AZ10)=0),"",BB10/AZ10) | BK10: =IF(OR(A10="",N(BB10)=0),"",BD10/BB10) | BL10: =IF(OR(A10="",N(AZ10)=0),"",BD10/AZ10) | BM10: =IF(OR(N(Q10)=0,N(BD10)=0),"",Q10/BD10) | BN10: Public-page pull 9/28. Views, reach, shares & saves aren't public - add from Instagram Insights. | BP10: =IF(OR(AR10="",N(AO10)=0),"",AR10) | BQ10: =IF(OR(AR10="",N(S10)=0),"",S10) -> 61 | BR10: =IF(AND(ISNUMBER(B10),B10>=Dashboard!$C$4,B10<=Dashboard!$F$4,ISNUMBER(AU10)),AU10+ROW()/10^9,"") -> 0.11475411 | BS10: =IF(AND(ISNUMBER(B10),B10>=Dashboard!$C$4,B10<=Dashboard!$F$4,A10<>""),N(BD10)+N(AU10)/100+ROW()/10^9,"") -> 0.001147551
A11: =IF(OR(B11="",G11="",H11=""),"",IFERROR(INDEX(Settings!$E$5:$E$49,MATCH(G11,Settings!$D$5:$D$49,0))&INDEX(Settings!$H$5:$H$47,MATCH(H11,Settings!$G$5:$G$47,0))&"-"&TEXT(B11,"yymmdd")&"-"&IF(C11="","0000",TEXT(C11,"hhmm")),"CHECK LISTS")) -> IGC-260914-1301 | B11: 46279 | C11: 0.54236111 | D11: =IF(B11="","",TEXT(B11,"ddd")) -> Mon | E11: =IF(B11="","",B11-WEEKDAY(B11,3)) -> 46279 | F11: =IF(B11="","",TEXT(B11,"yyyy-mm")) -> 2026-09 | G11: Instagram | H11: Company Page | I11: Single Image | J11: Operations Tips (Scheduling, No-shows, Throughput) | L11: Scanners idle a third of the day, next slot 3 weeks out - the queue nobody owns | M11: Stat / Number | N11: Owner / CEO | O11: Comment / Engage | P11: Organic | R11: https://www.instagram.com/alphanodus/p/DdRoAPjkqqy/ | S11: 61 | U11: No Link | V11: =IF(A11="","",IFERROR(INDEX(Settings!$F$5:$F$49,MATCH(G11,Settings!$D$5:$D$49,0)),"")) -> instagram | W11: =IF(A11="","",IF(OR(P11="",P11="Organic"),"social","paid_social")) -> social | X11: =IF(A11="","",IF(K11<>"",IFERROR(INDEX('Case Studies'!$C$5:$C$54,MATCH(K11,'Case Studies'!$B$5:$B$54,0))&"","case-study"),IF(J11<>"",IFERROR(INDEX(Settings!$J$5:$J$55,MATCH(J11,Settings!$I$5:$I$55,0)),"general"),"general"))) -> ops-tips | Y11: =IF(A11="","",LOWER(A11)) -> igc-260914-1301 | Z11: =IF(A11="","",IF(T11="",Settings!$B$5,T11)&IF(ISNUMBER(FIND("?",IF(T11="",Settings!$B$5,T11))),"&","?")&"utm_source="&V11&"&utm_medium="&W11&"&utm_campaign="&X11&"&utm_content="&Y11) -> https://www.alphanodus.com/contact?utm_source=instagram&utm_medium=social&utm_campaign=ops-tips&utm_content=igc-260914-1301 | AB11: 46293 | AF11: 8 | AG11: 0 | AO11: =IF(A11="","",IF(AD11<>"",AD11,IF(AC11<>"",AC11,""))) | AP11: =IF(AO11="","",IF(AD11<>"","Reported reach","Impressions (proxy)")) | AQ11: =IF(OR(AO11="",N(S11)=0),"",AO11/S11) | AR11: =IF(A11="","",IF(COUNT(AF11:AJ11)=0,"",SUM(AF11:AJ11))) -> 8 | AS11: =IF(OR(AR11="",N(AO11)=0),"",AR11/AO11) | AT11: =IF(OR(AR11="",N(AC11)=0),"",AR11/AC11) | AU11: =IF(OR(AR11="",N(S11)=0),"",AR11/S11) -> 0.13114754 | AV11: =IF(OR(AJ11="",N(AC11)=0),"",AJ11/AC11) | AW11: =IF(OR(AH11="",N(AO11)=0),"",AH11/AO11) | AX11: =IF(OR(AR11="",N(AO11)=0),"",(N(AF11)*Settings!$B$6+N(AG11)*Settings!$B$7+N(AH11)*Settings!$B$8+N(AI11)*Settings!$B$9+N(AJ11)*Settings!$B$10)/AO11*1000) | AY11: =IF(AS11="","",IFERROR(AS11/AVERAGEIFS('Post Tracker'!$AS$5:$AS$1004,'Post Tracker'!$G$5:$G$1004,G11),"")) | BD11: =IF(A11="","",COUNTIFS('Demo Pipeline'!$Q$5:$Q$504,A11)) -> 0 | BE11: =IF(A11="","",COUNTIFS('Demo Pipeline'!$Q$5:$Q$504,A11,'Demo Pipeline'!$W$5:$W$504,"Attended")) -> 0 | BF11: =IF(A11="","",COUNTIFS('Demo Pipeline'!$Q$5:$Q$504,A11,'Demo Pipeline'!$X$5:$X$504,"Yes")) -> 0 | BG11: =IF(A11="","",COUNTIFS('Demo Pipeline'!$Q$5:$Q$504,A11,'Demo Pipeline'!$Y$5:$Y$504,"Closed Won")) -> 0 | BH11: =IF(A11="","",SUMIFS('Demo Pipeline'!$Z$5:$Z$504,'Demo Pipeline'!$Q$5:$Q$504,A11)) -> 0 | BI11: =IF(OR(AZ11="",N(AJ11)=0),"",AZ11/AJ11) | BJ11: =IF(OR(BB11="",N(AZ11)=0),"",BB11/AZ11) | BK11: =IF(OR(A11="",N(BB11)=0),"",BD11/BB11) | BL11: =IF(OR(A11="",N(AZ11)=0),"",BD11/AZ11) | BM11: =IF(OR(N(Q11)=0,N(BD11)=0),"",Q11/BD11) | BN11: Public-page pull 9/28. Views, reach, shares & saves aren't public - add from Instagram Insights. | BP11: =IF(OR(AR11="",N(AO11)=0),"",AR11) | BQ11: =IF(OR(AR11="",N(S11)=0),"",S11) -> 61 | BR11: =IF(AND(ISNUMBER(B11),B11>=Dashboard!$C$4,B11<=Dashboard!$F$4,ISNUMBER(AU11)),AU11+ROW()/10^9,"") -> 0.13114755 | BS11: =IF(AND(ISNUMBER(B11),B11>=Dashboard!$C$4,B11<=Dashboard!$F$4,A11<>""),N(BD11)+N(AU11)/100+ROW()/10^9,"") -> 0.0013114864
A12: =IF(OR(B12="",G12="",H12=""),"",IFERROR(INDEX(Settings!$E$5:$E$49,MATCH(G12,Settings!$D$5:$D$49,0))&INDEX(Settings!$H$5:$H$47,MATCH(H12,Settings!$G$5:$G$47,0))&"-"&TEXT(B12,"yymmdd")&"-"&IF(C12="","0000",TEXT(C12,"hhmm")),"CHECK LISTS")) -> IGC-260918-1418 | B12: 46283 | C12: 0.59583333 | D12: =IF(B12="","",TEXT(B12,"ddd")) -> Fri | E12: =IF(B12="","",B12-WEEKDAY(B12,3)) -> 46279 | F12: =IF(B12="","",TEXT(B12,"yyyy-mm")) -> 2026-09 | G12: Instagram | H12: Company Page | I12: Carousel / Document (PDF) | J12: Revenue Cycle & Denials | L12: An order arrives with one field missing - when does it get flagged? | M12: Story / Anecdote | N12: Revenue Cycle / Billing Lead | O12: Comment / Engage | P12: Organic | R12: https://www.instagram.com/alphanodus/p/DdcD_2JkjH0/ | S12: 61 | U12: No Link | V12: =IF(A12="","",IFERROR(INDEX(Settings!$F$5:$F$49,MATCH(G12,Settings!$D$5:$D$49,0)),"")) -> instagram | W12: =IF(A12="","",IF(OR(P12="",P12="Organic"),"social","paid_social")) -> social | X12: =IF(A12="","",IF(K12<>"",IFERROR(INDEX('Case Studies'!$C$5:$C$54,MATCH(K12,'Case Studies'!$B$5:$B$54,0))&"","case-study"),IF(J12<>"",IFERROR(INDEX(Settings!$J$5:$J$55,MATCH(J12,Settings!$I$5:$I$55,0)),"general"),"general"))) -> rcm | Y12: =IF(A12="","",LOWER(A12)) -> igc-260918-1418 | Z12: =IF(A12="","",IF(T12="",Settings!$B$5,T12)&IF(ISNUMBER(FIND("?",IF(T12="",Settings!$B$5,T12))),"&","?")&"utm_source="&V12&"&utm_medium="&W12&"&utm_campaign="&X12&"&utm_content="&Y12) -> https://www.alphanodus.com/contact?utm_source=instagram&utm_medium=social&utm_campaign=rcm&utm_content=igc-260918-1418 | AB12: 46293 | AF12: 7 | AG12: 0 | AO12: =IF(A12="","",IF(AD12<>"",AD12,IF(AC12<>"",AC12,""))) | AP12: =IF(AO12="","",IF(AD12<>"","Reported reach","Impressions (proxy)")) | AQ12: =IF(OR(AO12="",N(S12)=0),"",AO12/S12) | AR12: =IF(A12="","",IF(COUNT(AF12:AJ12)=0,"",SUM(AF12:AJ12))) -> 7 | AS12: =IF(OR(AR12="",N(AO12)=0),"",AR12/AO12) | AT12: =IF(OR(AR12="",N(AC12)=0),"",AR12/AC12) | AU12: =IF(OR(AR12="",N(S12)=0),"",AR12/S12) -> 0.1147541 | AV12: =IF(OR(AJ12="",N(AC12)=0),"",AJ12/AC12) | AW12: =IF(OR(AH12="",N(AO12)=0),"",AH12/AO12) | AX12: =IF(OR(AR12="",N(AO12)=0),"",(N(AF12)*Settings!$B$6+N(AG12)*Settings!$B$7+N(AH12)*Settings!$B$8+N(AI12)*Settings!$B$9+N(AJ12)*Settings!$B$10)/AO12*1000) | AY12: =IF(AS12="","",IFERROR(AS12/AVERAGEIFS('Post Tracker'!$AS$5:$AS$1004,'Post Tracker'!$G$5:$G$1004,G12),"")) | BD12: =IF(A12="","",COUNTIFS('Demo Pipeline'!$Q$5:$Q$504,A12)) -> 0 | BE12: =IF(A12="","",COUNTIFS('Demo Pipeline'!$Q$5:$Q$504,A12,'Demo Pipeline'!$W$5:$W$504,"Attended")) -> 0 | BF12: =IF(A12="","",COUNTIFS('Demo Pipeline'!$Q$5:$Q$504,A12,'Demo Pipeline'!$X$5:$X$504,"Yes")) -> 0 | BG12: =IF(A12="","",COUNTIFS('Demo Pipeline'!$Q$5:$Q$504,A12,'Demo Pipeline'!$Y$5:$Y$504,"Closed Won")) -> 0 | BH12: =IF(A12="","",SUMIFS('Demo Pipeline'!$Z$5:$Z$504,'Demo Pipeline'!$Q$5:$Q$504,A12)) -> 0 | BI12: =IF(OR(AZ12="",N(AJ12)=0),"",AZ12/AJ12) | BJ12: =IF(OR(BB12="",N(AZ12)=0),"",BB12/AZ12) | BK12: =IF(OR(A12="",N(BB12)=0),"",BD12/BB12) | BL12: =IF(OR(A12="",N(AZ12)=0),"",BD12/AZ12) | BM12: =IF(OR(N(Q12)=0,N(BD12)=0),"",Q12/BD12) | BN12: Public-page pull 9/28. Views, reach, shares & saves aren't public - add from Instagram Insights. | BP12: =IF(OR(AR12="",N(AO12)=0),"",AR12) | BQ12: =IF(OR(AR12="",N(S12)=0),"",S12) -> 61 | BR12: =IF(AND(ISNUMBER(B12),B12>=Dashboard!$C$4,B12<=Dashboard!$F$4,ISNUMBER(AU12)),AU12+ROW()/10^9,"") -> 0.11475411 | BS12: =IF(AND(ISNUMBER(B12),B12>=Dashboard!$C$4,B12<=Dashboard!$F$4,A12<>""),N(BD12)+N(AU12)/100+ROW()/10^9,"") -> 0.001147553
A13: =IF(OR(B13="",G13="",H13=""),"",IFERROR(INDEX(Settings!$E$5:$E$49,MATCH(G13,Settings!$D$5:$D$49,0))&INDEX(Settings!$H$5:$H$47,MATCH(H13,Settings!$G$5:$G$47,0))&"-"&TEXT(B13,"yymmdd")&"-"&IF(C13="","0000",TEXT(C13,"hhmm")),"CHECK LISTS")) -> IGC-260923-1910 | B13: 46288 | C13: 0.79861111 | D13: =IF(B13="","",TEXT(B13,"ddd")) -> Wed | E13: =IF(B13="","",B13-WEEKDAY(B13,3)) -> 46286 | F13: =IF(B13="","",TEXT(B13,"yyyy-mm")) -> 2026-09 | G13: Instagram | H13: Company Page | I13: Single Image | J13: Revenue Cycle & Denials | L13: An imaging order arrives by fax: 4 manual handoffs before it's billable | M13: Story / Anecdote | N13: Revenue Cycle / Billing Lead | O13: Book a Demo | P13: Organic | R13: https://www.instagram.com/alphanodus/p/DdpdTFWN9JR/ | S13: 61 | U13: Link in Bio | V13: =IF(A13="","",IFERROR(INDEX(Settings!$F$5:$F$49,MATCH(G13,Settings!$D$5:$D$49,0)),"")) -> instagram | W13: =IF(A13="","",IF(OR(P13="",P13="Organic"),"social","paid_social")) -> social | X13: =IF(A13="","",IF(K13<>"",IFERROR(INDEX('Case Studies'!$C$5:$C$54,MATCH(K13,'Case Studies'!$B$5:$B$54,0))&"","case-study"),IF(J13<>"",IFERROR(INDEX(Settings!$J$5:$J$55,MATCH(J13,Settings!$I$5:$I$55,0)),"general"),"general"))) -> rcm | Y13: =IF(A13="","",LOWER(A13)) -> igc-260923-1910 | Z13: =IF(A13="","",IF(T13="",Settings!$B$5,T13)&IF(ISNUMBER(FIND("?",IF(T13="",Settings!$B$5,T13))),"&","?")&"utm_source="&V13&"&utm_medium="&W13&"&utm_campaign="&X13&"&utm_content="&Y13) -> https://www.alphanodus.com/contact?utm_source=instagram&utm_medium=social&utm_campaign=rcm&utm_content=igc-260923-1910 | AB13: 46293 | AF13: 2 | AG13: 0 | AO13: =IF(A13="","",IF(AD13<>"",AD13,IF(AC13<>"",AC13,""))) | AP13: =IF(AO13="","",IF(AD13<>"","Reported reach","Impressions (proxy)")) | AQ13: =IF(OR(AO13="",N(S13)=0),"",AO13/S13) | AR13: =IF(A13="","",IF(COUNT(AF13:AJ13)=0,"",SUM(AF13:AJ13))) -> 2 | AS13: =IF(OR(AR13="",N(AO13)=0),"",AR13/AO13) | AT13: =IF(OR(AR13="",N(AC13)=0),"",AR13/AC13) | AU13: =IF(OR(AR13="",N(S13)=0),"",AR13/S13) -> 0.032786885 | AV13: =IF(OR(AJ13="",N(AC13)=0),"",AJ13/AC13) | AW13: =IF(OR(AH13="",N(AO13)=0),"",AH13/AO13) | AX13: =IF(OR(AR13="",N(AO13)=0),"",(N(AF13)*Settings!$B$6+N(AG13)*Settings!$B$7+N(AH13)*Settings!$B$8+N(AI13)*Settings!$B$9+N(AJ13)*Settings!$B$10)/AO13*1000) | AY13: =IF(AS13="","",IFERROR(AS13/AVERAGEIFS('Post Tracker'!$AS$5:$AS$1004,'Post Tracker'!$G$5:$G$1004,G13),"")) | BD13: =IF(A13="","",COUNTIFS('Demo Pipeline'!$Q$5:$Q$504,A13)) -> 0 | BE13: =IF(A13="","",COUNTIFS('Demo Pipeline'!$Q$5:$Q$504,A13,'Demo Pipeline'!$W$5:$W$504,"Attended")) -> 0 | BF13: =IF(A13="","",COUNTIFS('Demo Pipeline'!$Q$5:$Q$504,A13,'Demo Pipeline'!$X$5:$X$504,"Yes")) -> 0 | BG13: =IF(A13="","",COUNTIFS('Demo Pipeline'!$Q$5:$Q$504,A13,'Demo Pipeline'!$Y$5:$Y$504,"Closed Won")) -> 0 | BH13: =IF(A13="","",SUMIFS('Demo Pipeline'!$Z$5:$Z$504,'Demo Pipeline'!$Q$5:$Q$504,A13)) -> 0 | BI13: =IF(OR(AZ13="",N(AJ13)=0),"",AZ13/AJ13) | BJ13: =IF(OR(BB13="",N(AZ13)=0),"",BB13/AZ13) | BK13: =IF(OR(A13="",N(BB13)=0),"",BD13/BB13) | BL13: =IF(OR(A13="",N(AZ13)=0),"",BD13/AZ13) | BM13: =IF(OR(N(Q13)=0,N(BD13)=0),"",Q13/BD13) | BN13: Public-page pull 9/28. Views, reach, shares & saves aren't public - add from Instagram Insights. | BP13: =IF(OR(AR13="",N(AO13)=0),"",AR13) | BQ13: =IF(OR(AR13="",N(S13)=0),"",S13) -> 61 | BR13: =IF(AND(ISNUMBER(B13),B13>=Dashboard!$C$4,B13<=Dashboard!$F$4,ISNUMBER(AU13)),AU13+ROW()/10^9,"") -> 0.032786898 | BS13: =IF(AND(ISNUMBER(B13),B13>=Dashboard!$C$4,B13<=Dashboard!$F$4,A13<>""),N(BD13)+N(AU13)/100+ROW()/10^9,"") -> 0.00032788185
A14: =IF(OR(B14="",G14="",H14=""),"",IFERROR(INDEX(Settings!$E$5:$E$49,MATCH(G14,Settings!$D$5:$D$49,0))&INDEX(Settings!$H$5:$H$47,MATCH(H14,Settings!$G$5:$G$47,0))&"-"&TEXT(B14,"yymmdd")&"-"&IF(C14="","0000",TEXT(C14,"hhmm")),"CHECK LISTS")) -> XC-260911-1129 | B14: 46276 | C14: 0.47847222 | D14: =IF(B14="","",TEXT(B14,"ddd")) -> Fri | E14: =IF(B14="","",B14-WEEKDAY(B14,3)) -> 46272 | F14: =IF(B14="","",TEXT(B14,"yyyy-mm")) -> 2026-09 | G14: X | H14: Company Page | I14: Long Video | J14: Product Demo / Feature | L14: Is your imaging center still running on fax, phones and payer portals? (3-min Gravity AI explainer video) | M14: Question | N14: Owner / CEO | O14: Book a Demo | P14: Organic | R14: https://x.com/AlphaNodus/status/2098433794022006872 | S14: 46 | U14: In Post Body | V14: =IF(A14="","",IFERROR(INDEX(Settings!$F$5:$F$49,MATCH(G14,Settings!$D$5:$D$49,0)),"")) -> twitter | W14: =IF(A14="","",IF(OR(P14="",P14="Organic"),"social","paid_social")) -> social | X14: =IF(A14="","",IF(K14<>"",IFERROR(INDEX('Case Studies'!$C$5:$C$54,MATCH(K14,'Case Studies'!$B$5:$B$54,0))&"","case-study"),IF(J14<>"",IFERROR(INDEX(Settings!$J$5:$J$55,MATCH(J14,Settings!$I$5:$I$55,0)),"general"),"general"))) -> product | Y14: =IF(A14="","",LOWER(A14)) -> xc-260911-1129 | Z14: =IF(A14="","",IF(T14="",Settings!$B$5,T14)&IF(ISNUMBER(FIND("?",IF(T14="",Settings!$B$5,T14))),"&","?")&"utm_source="&V14&"&utm_medium="&W14&"&utm_campaign="&X14&"&utm_content="&Y14) -> https://www.alphanodus.com/contact?utm_source=twitter&utm_medium=social&utm_campaign=product&utm_content=xc-260911-1129 | AB14: 46293 | AC14: 27 | AF14: 0 | AG14: 0 | AH14: 0 | AO14: =IF(A14="","",IF(AD14<>"",AD14,IF(AC14<>"",AC14,""))) -> 27 | AP14: =IF(AO14="","",IF(AD14<>"","Reported reach","Impressions (proxy)")) -> Impressions (proxy) | AQ14: =IF(OR(AO14="",N(S14)=0),"",AO14/S14) -> 0.58695652 | AR14: =IF(A14="","",IF(COUNT(AF14:AJ14)=0,"",SUM(AF14:AJ14))) -> 0 | AS14: =IF(OR(AR14="",N(AO14)=0),"",AR14/AO14) -> 0 | AT14: =IF(OR(AR14="",N(AC14)=0),"",AR14/AC14) -> 0 | AU14: =IF(OR(AR14="",N(S14)=0),"",AR14/S14) -> 0 | AV14: =IF(OR(AJ14="",N(AC14)=0),"",AJ14/AC14) | AW14: =IF(OR(AH14="",N(AO14)=0),"",AH14/AO14) -> 0 | AX14: =IF(OR(AR14="",N(AO14)=0),"",(N(AF14)*Settings!$B$6+N(AG14)*Settings!$B$7+N(AH14)*Settings!$B$8+N(AI14)*Settings!$B$9+N(AJ14)*Settings!$B$10)/AO14*1000) -> 0 | AY14: =IF(AS14="","",IFERROR(AS14/AVERAGEIFS('Post Tracker'!$AS$5:$AS$1004,'Post Tracker'!$G$5:$G$1004,G14),"")) -> 0 | BD14: =IF(A14="","",COUNTIFS('Demo Pipeline'!$Q$5:$Q$504,A14)) -> 0 | BE14: =IF(A14="","",COUNTIFS('Demo Pipeline'!$Q$5:$Q$504,A14,'Demo Pipeline'!$W$5:$W$504,"Attended")) -> 0 | BF14: =IF(A14="","",COUNTIFS('Demo Pipeline'!$Q$5:$Q$504,A14,'Demo Pipeline'!$X$5:$X$504,"Yes")) -> 0 | BG14: =IF(A14="","",COUNTIFS('Demo Pipeline'!$Q$5:$Q$504,A14,'Demo Pipeline'!$Y$5:$Y$504,"Closed Won")) -> 0 | BH14: =IF(A14="","",SUMIFS('Demo Pipeline'!$Z$5:$Z$504,'Demo Pipeline'!$Q$5:$Q$504,A14)) -> 0 | BI14: =IF(OR(AZ14="",N(AJ14)=0),"",AZ14/AJ14) | BJ14: =IF(OR(BB14="",N(AZ14)=0),"",BB14/AZ14) | BK14: =IF(OR(A14="",N(BB14)=0),"",BD14/BB14) | BL14: =IF(OR(A14="",N(AZ14)=0),"",BD14/AZ14) | BM14: =IF(OR(N(Q14)=0,N(BD14)=0),"",Q14/BD14) | BN14: Public-profile pull 9/28 (views shown as impressions; likes/reposts not shown = 0). Confirm in X post analytics. | BP14: =IF(OR(AR14="",N(AO14)=0),"",AR14) -> 0 | BQ14: =IF(OR(AR14="",N(S14)=0),"",S14) -> 46 | BR14: =IF(AND(ISNUMBER(B14),B14>=Dashboard!$C$4,B14<=Dashboard!$F$4,ISNUMBER(AU14)),AU14+ROW()/10^9,"") -> 1.4e-08 | BS14: =IF(AND(ISNUMBER(B14),B14>=Dashboard!$C$4,B14<=Dashboard!$F$4,A14<>""),N(BD14)+N(AU14)/100+ROW()/10^9,"") -> 1.4e-08
A15: =IF(OR(B15="",G15="",H15=""),"",IFERROR(INDEX(Settings!$E$5:$E$49,MATCH(G15,Settings!$D$5:$D$49,0))&INDEX(Settings!$H$5:$H$47,MATCH(H15,Settings!$G$5:$G$47,0))&"-"&TEXT(B15,"yymmdd")&"-"&IF(C15="","0000",TEXT(C15,"hhmm")),"CHECK LISTS")) -> XC-260914-1307 | B15: 46279 | C15: 0.54652778 | D15: =IF(B15="","",TEXT(B15,"ddd")) -> Mon | E15: =IF(B15="","",B15-WEEKDAY(B15,3)) -> 46279 | F15: =IF(B15="","",TEXT(B15,"yyyy-mm")) -> 2026-09 | G15: X | H15: Company Page | I15: Single Image | J15: Operations Tips (Scheduling, No-shows, Throughput) | L15: Scanners idle a third of the day, next slot 3 weeks out - the queue nobody owns | M15: Stat / Number | N15: Owner / CEO | O15: Comment / Engage | P15: Organic | R15: https://x.com/AlphaNodus/status/2099545479755583973 | S15: 46 | U15: No Link | V15: =IF(A15="","",IFERROR(INDEX(Settings!$F$5:$F$49,MATCH(G15,Settings!$D$5:$D$49,0)),"")) -> twitter | W15: =IF(A15="","",IF(OR(P15="",P15="Organic"),"social","paid_social")) -> social | X15: =IF(A15="","",IF(K15<>"",IFERROR(INDEX('Case Studies'!$C$5:$C$54,MATCH(K15,'Case Studies'!$B$5:$B$54,0))&"","case-study"),IF(J15<>"",IFERROR(INDEX(Settings!$J$5:$J$55,MATCH(J15,Settings!$I$5:$I$55,0)),"general"),"general"))) -> ops-tips | Y15: =IF(A15="","",LOWER(A15)) -> xc-260914-1307 | Z15: =IF(A15="","",IF(T15="",Settings!$B$5,T15)&IF(ISNUMBER(FIND("?",IF(T15="",Settings!$B$5,T15))),"&","?")&"utm_source="&V15&"&utm_medium="&W15&"&utm_campaign="&X15&"&utm_content="&Y15) -> https://www.alphanodus.com/contact?utm_source=twitter&utm_medium=social&utm_campaign=ops-tips&utm_content=xc-260914-1307 | AB15: 46293 | AC15: 16 | AF15: 0 | AG15: 0 | AH15: 0 | AO15: =IF(A15="","",IF(AD15<>"",AD15,IF(AC15<>"",AC15,""))) -> 16 | AP15: =IF(AO15="","",IF(AD15<>"","Reported reach","Impressions (proxy)")) -> Impressions (proxy) | AQ15: =IF(OR(AO15="",N(S15)=0),"",AO15/S15) -> 0.34782609 | AR15: =IF(A15="","",IF(COUNT(AF15:AJ15)=0,"",SUM(AF15:AJ15))) -> 0 | AS15: =IF(OR(AR15="",N(AO15)=0),"",AR15/AO15) -> 0 | AT15: =IF(OR(AR15="",N(AC15)=0),"",AR15/AC15) -> 0 | AU15: =IF(OR(AR15="",N(S15)=0),"",AR15/S15) -> 0 | AV15: =IF(OR(AJ15="",N(AC15)=0),"",AJ15/AC15) | AW15: =IF(OR(AH15="",N(AO15)=0),"",AH15/AO15) -> 0 | AX15: =IF(OR(AR15="",N(AO15)=0),"",(N(AF15)*Settings!$B$6+N(AG15)*Settings!$B$7+N(AH15)*Settings!$B$8+N(AI15)*Settings!$B$9+N(AJ15)*Settings!$B$10)/AO15*1000) -> 0 | AY15: =IF(AS15="","",IFERROR(AS15/AVERAGEIFS('Post Tracker'!$AS$5:$AS$1004,'Post Tracker'!$G$5:$G$1004,G15),"")) -> 0 | BD15: =IF(A15="","",COUNTIFS('Demo Pipeline'!$Q$5:$Q$504,A15)) -> 0 | BE15: =IF(A15="","",COUNTIFS('Demo Pipeline'!$Q$5:$Q$504,A15,'Demo Pipeline'!$W$5:$W$504,"Attended")) -> 0 | BF15: =IF(A15="","",COUNTIFS('Demo Pipeline'!$Q$5:$Q$504,A15,'Demo Pipeline'!$X$5:$X$504,"Yes")) -> 0 | BG15: =IF(A15="","",COUNTIFS('Demo Pipeline'!$Q$5:$Q$504,A15,'Demo Pipeline'!$Y$5:$Y$504,"Closed Won")) -> 0 | BH15: =IF(A15="","",SUMIFS('Demo Pipeline'!$Z$5:$Z$504,'Demo Pipeline'!$Q$5:$Q$504,A15)) -> 0 | BI15: =IF(OR(AZ15="",N(AJ15)=0),"",AZ15/AJ15) | BJ15: =IF(OR(BB15="",N(AZ15)=0),"",BB15/AZ15) | BK15: =IF(OR(A15="",N(BB15)=0),"",BD15/BB15) | BL15: =IF(OR(A15="",N(AZ15)=0),"",BD15/AZ15) | BM15: =IF(OR(N(Q15)=0,N(BD15)=0),"",Q15/BD15) | BN15: Public-profile pull 9/28 (views shown as impressions; likes/reposts not shown = 0). Confirm in X post analytics. | BP15: =IF(OR(AR15="",N(AO15)=0),"",AR15) -> 0 | BQ15: =IF(OR(AR15="",N(S15)=0),"",S15) -> 46 | BR15: =IF(AND(ISNUMBER(B15),B15>=Dashboard!$C$4,B15<=Dashboard!$F$4,ISNUMBER(AU15)),AU15+ROW()/10^9,"") -> 1.5e-08 | BS15: =IF(AND(ISNUMBER(B15),B15>=Dashboard!$C$4,B15<=Dashboard!$F$4,A15<>""),N(BD15)+N(AU15)/100+ROW()/10^9,"") -> 1.5e-08
A16: =IF(OR(B16="",G16="",H16=""),"",IFERROR(INDEX(Settings!$E$5:$E$49,MATCH(G16,Settings!$D$5:$D$49,0))&INDEX(Settings!$H$5:$H$47,MATCH(H16,Settings!$G$5:$G$47,0))&"-"&TEXT(B16,"yymmdd")&"-"&IF(C16="","0000",TEXT(C16,"hhmm")),"CHECK LISTS")) -> XC-260918-1435 | B16: 46283 | C16: 0.60763889 | D16: =IF(B16="","",TEXT(B16,"ddd")) -> Fri | E16: =IF(B16="","",B16-WEEKDAY(B16,3)) -> 46279 | F16: =IF(B16="","",TEXT(B16,"yyyy-mm")) -> 2026-09 | G16: X | H16: Company Page | I16: Single Image | J16: Revenue Cycle & Denials | L16: An order arrives with one field missing - when does it get flagged? | M16: Story / Anecdote | N16: Revenue Cycle / Billing Lead | O16: Comment / Engage | P16: Organic | R16: https://x.com/AlphaNodus/status/2101017252221128863 | S16: 46 | U16: No Link | V16: =IF(A16="","",IFERROR(INDEX(Settings!$F$5:$F$49,MATCH(G16,Settings!$D$5:$D$49,0)),"")) -> twitter | W16: =IF(A16="","",IF(OR(P16="",P16="Organic"),"social","paid_social")) -> social | X16: =IF(A16="","",IF(K16<>"",IFERROR(INDEX('Case Studies'!$C$5:$C$54,MATCH(K16,'Case Studies'!$B$5:$B$54,0))&"","case-study"),IF(J16<>"",IFERROR(INDEX(Settings!$J$5:$J$55,MATCH(J16,Settings!$I$5:$I$55,0)),"general"),"general"))) -> rcm | Y16: =IF(A16="","",LOWER(A16)) -> xc-260918-1435 | Z16: =IF(A16="","",IF(T16="",Settings!$B$5,T16)&IF(ISNUMBER(FIND("?",IF(T16="",Settings!$B$5,T16))),"&","?")&"utm_source="&V16&"&utm_medium="&W16&"&utm_campaign="&X16&"&utm_content="&Y16) -> https://www.alphanodus.com/contact?utm_source=twitter&utm_medium=social&utm_campaign=rcm&utm_content=xc-260918-1435 | AB16: 46293 | AC16: 26 | AF16: 0 | AG16: 1 | AH16: 0 | AO16: =IF(A16="","",IF(AD16<>"",AD16,IF(AC16<>"",AC16,""))) -> 26 | AP16: =IF(AO16="","",IF(AD16<>"","Reported reach","Impressions (proxy)")) -> Impressions (proxy) | AQ16: =IF(OR(AO16="",N(S16)=0),"",AO16/S16) -> 0.56521739 | AR16: =IF(A16="","",IF(COUNT(AF16:AJ16)=0,"",SUM(AF16:AJ16))) -> 1 | AS16: =IF(OR(AR16="",N(AO16)=0),"",AR16/AO16) -> 0.038461538 | AT16: =IF(OR(AR16="",N(AC16)=0),"",AR16/AC16) -> 0.038461538 | AU16: =IF(OR(AR16="",N(S16)=0),"",AR16/S16) -> 0.02173913 | AV16: =IF(OR(AJ16="",N(AC16)=0),"",AJ16/AC16) | AW16: =IF(OR(AH16="",N(AO16)=0),"",AH16/AO16) -> 0 | AX16: =IF(OR(AR16="",N(AO16)=0),"",(N(AF16)*Settings!$B$6+N(AG16)*Settings!$B$7+N(AH16)*Settings!$B$8+N(AI16)*Settings!$B$9+N(AJ16)*Settings!$B$10)/AO16*1000) -> 115.38462 | AY16: =IF(AS16="","",IFERROR(AS16/AVERAGEIFS('Post Tracker'!$AS$5:$AS$1004,'Post Tracker'!$G$5:$G$1004,G16),"")) -> 1.3333333 | BD16: =IF(A16="","",COUNTIFS('Demo Pipeline'!$Q$5:$Q$504,A16)) -> 0 | BE16: =IF(A16="","",COUNTIFS('Demo Pipeline'!$Q$5:$Q$504,A16,'Demo Pipeline'!$W$5:$W$504,"Attended")) -> 0 | BF16: =IF(A16="","",COUNTIFS('Demo Pipeline'!$Q$5:$Q$504,A16,'Demo Pipeline'!$X$5:$X$504,"Yes")) -> 0 | BG16: =IF(A16="","",COUNTIFS('Demo Pipeline'!$Q$5:$Q$504,A16,'Demo Pipeline'!$Y$5:$Y$504,"Closed Won")) -> 0 | BH16: =IF(A16="","",SUMIFS('Demo Pipeline'!$Z$5:$Z$504,'Demo Pipeline'!$Q$5:$Q$504,A16)) -> 0 | BI16: =IF(OR(AZ16="",N(AJ16)=0),"",AZ16/AJ16) | BJ16: =IF(OR(BB16="",N(AZ16)=0),"",BB16/AZ16) | BK16: =IF(OR(A16="",N(BB16)=0),"",BD16/BB16) | BL16: =IF(OR(A16="",N(AZ16)=0),"",BD16/AZ16) | BM16: =IF(OR(N(Q16)=0,N(BD16)=0),"",Q16/BD16) | BN16: Public-profile pull 9/28 (views shown as impressions; likes/reposts not shown = 0). Confirm in X post analytics. | BP16: =IF(OR(AR16="",N(AO16)=0),"",AR16) -> 1 | BQ16: =IF(OR(AR16="",N(S16)=0),"",S16) -> 46 | BR16: =IF(AND(ISNUMBER(B16),B16>=Dashboard!$C$4,B16<=Dashboard!$F$4,ISNUMBER(AU16)),AU16+ROW()/10^9,"") -> 0.021739146 | BS16: =IF(AND(ISNUMBER(B16),B16>=Dashboard!$C$4,B16<=Dashboard!$F$4,A16<>""),N(BD16)+N(AU16)/100+ROW()/10^9,"") -> 0.0002174073
A17: =IF(OR(B17="",G17="",H17=""),"",IFERROR(INDEX(Settings!$E$5:$E$49,MATCH(G17,Settings!$D$5:$D$49,0))&INDEX(Settings!$H$5:$H$47,MATCH(H17,Settings!$G$5:$G$47,0))&"-"&TEXT(B17,"yymmdd")&"-"&IF(C17="","0000",TEXT(C17,"hhmm")),"CHECK LISTS")) -> XC-260923-2019 | B17: 46288 | C17: 0.84652778 | D17: =IF(B17="","",TEXT(B17,"ddd")) -> Wed | E17: =IF(B17="","",B17-WEEKDAY(B17,3)) -> 46286 | F17: =IF(B17="","",TEXT(B17,"yyyy-mm")) -> 2026-09 | G17: X | H17: Company Page | I17: Single Image | J17: Revenue Cycle & Denials | L17: An imaging order arrives by fax: 4 manual handoffs before it's billable | M17: Story / Anecdote | N17: Revenue Cycle / Billing Lead | O17: Book a Demo | P17: Organic | R17: https://x.com/AlphaNodus/status/2102915695722045558 | S17: 46 | U17: First Comment | V17: =IF(A17="","",IFERROR(INDEX(Settings!$F$5:$F$49,MATCH(G17,Settings!$D$5:$D$49,0)),"")) -> twitter | W17: =IF(A17="","",IF(OR(P17="",P17="Organic"),"social","paid_social")) -> social | X17: =IF(A17="","",IF(K17<>"",IFERROR(INDEX('Case Studies'!$C$5:$C$54,MATCH(K17,'Case Studies'!$B$5:$B$54,0))&"","case-study"),IF(J17<>"",IFERROR(INDEX(Settings!$J$5:$J$55,MATCH(J17,Settings!$I$5:$I$55,0)),"general"),"general"))) -> rcm | Y17: =IF(A17="","",LOWER(A17)) -> xc-260923-2019 | Z17: =IF(A17="","",IF(T17="",Settings!$B$5,T17)&IF(ISNUMBER(FIND("?",IF(T17="",Settings!$B$5,T17))),"&","?")&"utm_source="&V17&"&utm_medium="&W17&"&utm_campaign="&X17&"&utm_content="&Y17) -> https://www.alphanodus.com/contact?utm_source=twitter&utm_medium=social&utm_campaign=rcm&utm_content=xc-260923-2019 | AB17: 46293 | AC17: 13 | AF17: 0 | AG17: 1 | AH17: 0 | AO17: =IF(A17="","",IF(AD17<>"",AD17,IF(AC17<>"",AC17,""))) -> 13 | AP17: =IF(AO17="","",IF(AD17<>"","Reported reach","Impressions (proxy)")) -> Impressions (proxy) | AQ17: =IF(OR(AO17="",N(S17)=0),"",AO17/S17) -> 0.2826087 | AR17: =IF(A17="","",IF(COUNT(AF17:AJ17)=0,"",SUM(AF17:AJ17))) -> 1 | AS17: =IF(OR(AR17="",N(AO17)=0),"",AR17/AO17) -> 0.076923077 | AT17: =IF(OR(AR17="",N(AC17)=0),"",AR17/AC17) -> 0.076923077 | AU17: =IF(OR(AR17="",N(S17)=0),"",AR17/S17) -> 0.02173913 | AV17: =IF(OR(AJ17="",N(AC17)=0),"",AJ17/AC17) | AW17: =IF(OR(AH17="",N(AO17)=0),"",AH17/AO17) -> 0 | AX17: =IF(OR(AR17="",N(AO17)=0),"",(N(AF17)*Settings!$B$6+N(AG17)*Settings!$B$7+N(AH17)*Settings!$B$8+N(AI17)*Settings!$B$9+N(AJ17)*Settings!$B$10)/AO17*1000) -> 230.76923 | AY17: =IF(AS17="","",IFERROR(AS17/AVERAGEIFS('Post Tracker'!$AS$5:$AS$1004,'Post Tracker'!$G$5:$G$1004,G17),"")) -> 2.6666667 | BD17: =IF(A17="","",COUNTIFS('Demo Pipeline'!$Q$5:$Q$504,A17)) -> 0 | BE17: =IF(A17="","",COUNTIFS('Demo Pipeline'!$Q$5:$Q$504,A17,'Demo Pipeline'!$W$5:$W$504,"Attended")) -> 0 | BF17: =IF(A17="","",COUNTIFS('Demo Pipeline'!$Q$5:$Q$504,A17,'Demo Pipeline'!$X$5:$X$504,"Yes")) -> 0 | BG17: =IF(A17="","",COUNTIFS('Demo Pipeline'!$Q$5:$Q$504,A17,'Demo Pipeline'!$Y$5:$Y$504,"Closed Won")) -> 0 | BH17: =IF(A17="","",SUMIFS('Demo Pipeline'!$Z$5:$Z$504,'Demo Pipeline'!$Q$5:$Q$504,A17)) -> 0 | BI17: =IF(OR(AZ17="",N(AJ17)=0),"",AZ17/AJ17) | BJ17: =IF(OR(BB17="",N(AZ17)=0),"",BB17/AZ17) | BK17: =IF(OR(A17="",N(BB17)=0),"",BD17/BB17) | BL17: =IF(OR(A17="",N(AZ17)=0),"",BD17/AZ17) | BM17: =IF(OR(N(Q17)=0,N(BD17)=0),"",Q17/BD17) | BN17: Public-profile pull 9/28 (views shown as impressions; likes/reposts not shown = 0). Confirm in X post analytics. | BP17: =IF(OR(AR17="",N(AO17)=0),"",AR17) -> 1 | BQ17: =IF(OR(AR17="",N(S17)=0),"",S17) -> 46 | BR17: =IF(AND(ISNUMBER(B17),B17>=Dashboard!$C$4,B17<=Dashboard!$F$4,ISNUMBER(AU17)),AU17+ROW()/10^9,"") -> 0.021739147 | BS17: =IF(AND(ISNUMBER(B17),B17>=Dashboard!$C$4,B17<=Dashboard!$F$4,A17<>""),N(BD17)+N(AU17)/100+ROW()/10^9,"") -> 0.0002174083
A18: =IF(OR(B18="",G18="",H18=""),"",IFERROR(INDEX(Settings!$E$5:$E$49,MATCH(G18,Settings!$D$5:$D$49,0))&INDEX(Settings!$H$5:$H$47,MATCH(H18,Settings!$G$5:$G$47,0))&"-"&TEXT(B18,"yymmdd")&"-"&IF(C18="","0000",TEXT(C18,"hhmm")),"CHECK LISTS")) | D18: =IF(B18="","",TEXT(B18,"ddd")) | E18: =IF(B18="","",B18-WEEKDAY(B18,3)) | F18: =IF(B18="","",TEXT(B18,"yyyy-mm")) | V18: =IF(A18="","",IFERROR(INDEX(Settings!$F$5:$F$49,MATCH(G18,Settings!$D$5:$D$49,0)),"")) | W18: =IF(A18="","",IF(OR(P18="",P18="Organic"),"social","paid_social")) | X18: =IF(A18="","",IF(K18<>"",IFERROR(INDEX('Case Studies'!$C$5:$C$54,MATCH(K18,'Case Studies'!$B$5:$B$54,0))&"","case-study"),IF(J18<>"",IFERROR(INDEX(Settings!$J$5:$J$55,MATCH(J18,Settings!$I$5:$I$55,0)),"general"),"general"))) | Y18: =IF(A18="","",LOWER(A18)) | Z18: =IF(A18="","",IF(T18="",Settings!$B$5,T18)&IF(ISNUMBER(FIND("?",IF(T18="",Settings!$B$5,T18))),"&","?")&"utm_source="&V18&"&utm_medium="&W18&"&utm_campaign="&X18&"&utm_content="&Y18) | AO18: =IF(A18="","",IF(AD18<>"",AD18,IF(AC18<>"",AC18,""))) | AP18: =IF(AO18="","",IF(AD18<>"","Reported reach","Impressions (proxy)")) | AQ18: =IF(OR(AO18="",N(S18)=0),"",AO18/S18) | AR18: =IF(A18="","",IF(COUNT(AF18:AJ18)=0,"",SUM(AF18:AJ18))) | AS18: =IF(OR(AR18="",N(AO18)=0),"",AR18/AO18) | AT18: =IF(OR(AR18="",N(AC18)=0),"",AR18/AC18) | AU18: =IF(OR(AR18="",N(S18)=0),"",AR18/S18) | AV18: =IF(OR(AJ18="",N(AC18)=0),"",AJ18/AC18) | AW18: =IF(OR(AH18="",N(AO18)=0),"",AH18/AO18) | AX18: =IF(OR(AR18="",N(AO18)=0),"",(N(AF18)*Settings!$B$6+N(AG18)*Settings!$B$7+N(AH18)*Settings!$B$8+N(AI18)*Settings!$B$9+N(AJ18)*Settings!$B$10)/AO18*1000) | AY18: =IF(AS18="","",IFERROR(AS18/AVERAGEIFS('Post Tracker'!$AS$5:$AS$1004,'Post Tracker'!$G$5:$G$1004,G18),"")) | BD18: =IF(A18="","",COUNTIFS('Demo Pipeline'!$Q$5:$Q$504,A18)) | BE18: =IF(A18="","",COUNTIFS('Demo Pipeline'!$Q$5:$Q$504,A18,'Demo Pipeline'!$W$5:$W$504,"Attended")) | BF18: =IF(A18="","",COUNTIFS('Demo Pipeline'!$Q$5:$Q$504,A18,'Demo Pipeline'!$X$5:$X$504,"Yes")) | BG18: =IF(A18="","",COUNTIFS('Demo Pipeline'!$Q$5:$Q$504,A18,'Demo Pipeline'!$Y$5:$Y$504,"Closed Won")) | BH18: =IF(A18="","",SUMIFS('Demo Pipeline'!$Z$5:$Z$504,'Demo Pipeline'!$Q$5:$Q$504,A18)) | BI18: =IF(OR(AZ18="",N(AJ18)=0),"",AZ18/AJ18) | BJ18: =IF(OR(BB18="",N(AZ18)=0),"",BB18/AZ18) | BK18: =IF(OR(A18="",N(BB18)=0),"",BD18/BB18) | BL18: =IF(OR(A18="",N(AZ18)=0),"",BD18/AZ18) | BM18: =IF(OR(N(Q18)=0,N(BD18)=0),"",Q18/BD18) | BP18: =IF(OR(AR18="",N(AO18)=0),"",AR18) | BQ18: =IF(OR(AR18="",N(S18)=0),"",S18) | BR18: =IF(AND(ISNUMBER(B18),B18>=Dashboard!$C$4,B18<=Dashboard!$F$4,ISNUMBER(AU18)),AU18+ROW()/10^9,"") | BS18: =IF(AND(ISNUMBER(B18),B18>=Dashboard!$C$4,B18<=Dashboard!$F$4,A18<>""),N(BD18)+N(AU18)/100+ROW()/10^9,"")
A19: =IF(OR(B19="",G19="",H19=""),"",IFERROR(INDEX(Settings!$E$5:$E$49,MATCH(G19,Settings!$D$5:$D$49,0))&INDEX(Settings!$H$5:$H$47,MATCH(H19,Settings!$G$5:$G$47,0))&"-"&TEXT(B19,"yymmdd")&"-"&IF(C19="","0000",TEXT(C19,"hhmm")),"CHECK LISTS")) | D19: =IF(B19="","",TEXT(B19,"ddd")) | E19: =IF(B19="","",B19-WEEKDAY(B19,3)) | F19: =IF(B19="","",TEXT(B19,"yyyy-mm")) | V19: =IF(A19="","",IFERROR(INDEX(Settings!$F$5:$F$49,MATCH(G19,Settings!$D$5:$D$49,0)),"")) | W19: =IF(A19="","",IF(OR(P19="",P19="Organic"),"social","paid_social")) | X19: =IF(A19="","",IF(K19<>"",IFERROR(INDEX('Case Studies'!$C$5:$C$54,MATCH(K19,'Case Studies'!$B$5:$B$54,0))&"","case-study"),IF(J19<>"",IFERROR(INDEX(Settings!$J$5:$J$55,MATCH(J19,Settings!$I$5:$I$55,0)),"general"),"general"))) | Y19: =IF(A19="","",LOWER(A19)) | Z19: =IF(A19="","",IF(T19="",Settings!$B$5,T19)&IF(ISNUMBER(FIND("?",IF(T19="",Settings!$B$5,T19))),"&","?")&"utm_source="&V19&"&utm_medium="&W19&"&utm_campaign="&X19&"&utm_content="&Y19) | AO19: =IF(A19="","",IF(AD19<>"",AD19,IF(AC19<>"",AC19,""))) | AP19: =IF(AO19="","",IF(AD19<>"","Reported reach","Impressions (proxy)")) | AQ19: =IF(OR(AO19="",N(S19)=0),"",AO19/S19) | AR19: =IF(A19="","",IF(COUNT(AF19:AJ19)=0,"",SUM(AF19:AJ19))) | AS19: =IF(OR(AR19="",N(AO19)=0),"",AR19/AO19) | AT19: =IF(OR(AR19="",N(AC19)=0),"",AR19/AC19) | AU19: =IF(OR(AR19="",N(S19)=0),"",AR19/S19) | AV19: =IF(OR(AJ19="",N(AC19)=0),"",AJ19/AC19) | AW19: =IF(OR(AH19="",N(AO19)=0),"",AH19/AO19) | AX19: =IF(OR(AR19="",N(AO19)=0),"",(N(AF19)*Settings!$B$6+N(AG19)*Settings!$B$7+N(AH19)*Settings!$B$8+N(AI19)*Settings!$B$9+N(AJ19)*Settings!$B$10)/AO19*1000) | AY19: =IF(AS19="","",IFERROR(AS19/AVERAGEIFS('Post Tracker'!$AS$5:$AS$1004,'Post Tracker'!$G$5:$G$1004,G19),"")) | BD19: =IF(A19="","",COUNTIFS('Demo Pipeline'!$Q$5:$Q$504,A19)) | BE19: =IF(A19="","",COUNTIFS('Demo Pipeline'!$Q$5:$Q$504,A19,'Demo Pipeline'!$W$5:$W$504,"Attended")) | BF19: =IF(A19="","",COUNTIFS('Demo Pipeline'!$Q$5:$Q$504,A19,'Demo Pipeline'!$X$5:$X$504,"Yes")) | BG19: =IF(A19="","",COUNTIFS('Demo Pipeline'!$Q$5:$Q$504,A19,'Demo Pipeline'!$Y$5:$Y$504,"Closed Won")) | BH19: =IF(A19="","",SUMIFS('Demo Pipeline'!$Z$5:$Z$504,'Demo Pipeline'!$Q$5:$Q$504,A19)) | BI19: =IF(OR(AZ19="",N(AJ19)=0),"",AZ19/AJ19) | BJ19: =IF(OR(BB19="",N(AZ19)=0),"",BB19/AZ19) | BK19: =IF(OR(A19="",N(BB19)=0),"",BD19/BB19) | BL19: =IF(OR(A19="",N(AZ19)=0),"",BD19/AZ19) | BM19: =IF(OR(N(Q19)=0,N(BD19)=0),"",Q19/BD19) | BP19: =IF(OR(AR19="",N(AO19)=0),"",AR19) | BQ19: =IF(OR(AR19="",N(S19)=0),"",S19) | BR19: =IF(AND(ISNUMBER(B19),B19>=Dashboard!$C$4,B19<=Dashboard!$F$4,ISNUMBER(AU19)),AU19+ROW()/10^9,"") | BS19: =IF(AND(ISNUMBER(B19),B19>=Dashboard!$C$4,B19<=Dashboard!$F$4,A19<>""),N(BD19)+N(AU19)/100+ROW()/10^9,"")
A20: =IF(OR(B20="",G20="",H20=""),"",IFERROR(INDEX(Settings!$E$5:$E$49,MATCH(G20,Settings!$D$5:$D$49,0))&INDEX(Settings!$H$5:$H$47,MATCH(H20,Settings!$G$5:$G$47,0))&"-"&TEXT(B20,"yymmdd")&"-"&IF(C20="","0000",TEXT(C20,"hhmm")),"CHECK LISTS")) | D20: =IF(B20="","",TEXT(B20,"ddd")) | E20: =IF(B20="","",B20-WEEKDAY(B20,3)) | F20: =IF(B20="","",TEXT(B20,"yyyy-mm")) | V20: =IF(A20="","",IFERROR(INDEX(Settings!$F$5:$F$49,MATCH(G20,Settings!$D$5:$D$49,0)),"")) | W20: =IF(A20="","",IF(OR(P20="",P20="Organic"),"social","paid_social")) | X20: =IF(A20="","",IF(K20<>"",IFERROR(INDEX('Case Studies'!$C$5:$C$54,MATCH(K20,'Case Studies'!$B$5:$B$54,0))&"","case-study"),IF(J20<>"",IFERROR(INDEX(Settings!$J$5:$J$55,MATCH(J20,Settings!$I$5:$I$55,0)),"general"),"general"))) | Y20: =IF(A20="","",LOWER(A20)) | Z20: =IF(A20="","",IF(T20="",Settings!$B$5,T20)&IF(ISNUMBER(FIND("?",IF(T20="",Settings!$B$5,T20))),"&","?")&"utm_source="&V20&"&utm_medium="&W20&"&utm_campaign="&X20&"&utm_content="&Y20) | AO20: =IF(A20="","",IF(AD20<>"",AD20,IF(AC20<>"",AC20,""))) | AP20: =IF(AO20="","",IF(AD20<>"","Reported reach","Impressions (proxy)")) | AQ20: =IF(OR(AO20="",N(S20)=0),"",AO20/S20) | AR20: =IF(A20="","",IF(COUNT(AF20:AJ20)=0,"",SUM(AF20:AJ20))) | AS20: =IF(OR(AR20="",N(AO20)=0),"",AR20/AO20) | AT20: =IF(OR(AR20="",N(AC20)=0),"",AR20/AC20) | AU20: =IF(OR(AR20="",N(S20)=0),"",AR20/S20) | AV20: =IF(OR(AJ20="",N(AC20)=0),"",AJ20/AC20) | AW20: =IF(OR(AH20="",N(AO20)=0),"",AH20/AO20) | AX20: =IF(OR(AR20="",N(AO20)=0),"",(N(AF20)*Settings!$B$6+N(AG20)*Settings!$B$7+N(AH20)*Settings!$B$8+N(AI20)*Settings!$B$9+N(AJ20)*Settings!$B$10)/AO20*1000) | AY20: =IF(AS20="","",IFERROR(AS20/AVERAGEIFS('Post Tracker'!$AS$5:$AS$1004,'Post Tracker'!$G$5:$G$1004,G20),"")) | BD20: =IF(A20="","",COUNTIFS('Demo Pipeline'!$Q$5:$Q$504,A20)) | BE20: =IF(A20="","",COUNTIFS('Demo Pipeline'!$Q$5:$Q$504,A20,'Demo Pipeline'!$W$5:$W$504,"Attended")) | BF20: =IF(A20="","",COUNTIFS('Demo Pipeline'!$Q$5:$Q$504,A20,'Demo Pipeline'!$X$5:$X$504,"Yes")) | BG20: =IF(A20="","",COUNTIFS('Demo Pipeline'!$Q$5:$Q$504,A20,'Demo Pipeline'!$Y$5:$Y$504,"Closed Won")) | BH20: =IF(A20="","",SUMIFS('Demo Pipeline'!$Z$5:$Z$504,'Demo Pipeline'!$Q$5:$Q$504,A20)) | BI20: =IF(OR(AZ20="",N(AJ20)=0),"",AZ20/AJ20) | BJ20: =IF(OR(BB20="",N(AZ20)=0),"",BB20/AZ20) | BK20: =IF(OR(A20="",N(BB20)=0),"",BD20/BB20) | BL20: =IF(OR(A20="",N(AZ20)=0),"",BD20/AZ20) | BM20: =IF(OR(N(Q20)=0,N(BD20)=0),"",Q20/BD20) | BP20: =IF(OR(AR20="",N(AO20)=0),"",AR20) | BQ20: =IF(OR(AR20="",N(S20)=0),"",S20) | BR20: =IF(AND(ISNUMBER(B20),B20>=Dashboard!$C$4,B20<=Dashboard!$F$4,ISNUMBER(AU20)),AU20+ROW()/10^9,"") | BS20: =IF(AND(ISNUMBER(B20),B20>=Dashboard!$C$4,B20<=Dashboard!$F$4,A20<>""),N(BD20)+N(AU20)/100+ROW()/10^9,"")
A21: =IF(OR(B21="",G21="",H21=""),"",IFERROR(INDEX(Settings!$E$5:$E$49,MATCH(G21,Settings!$D$5:$D$49,0))&INDEX(Settings!$H$5:$H$47,MATCH(H21,Settings!$G$5:$G$47,0))&"-"&TEXT(B21,"yymmdd")&"-"&IF(C21="","0000",TEXT(C21,"hhmm")),"CHECK LISTS")) | D21: =IF(B21="","",TEXT(B21,"ddd")) | E21: =IF(B21="","",B21-WEEKDAY(B21,3)) | F21: =IF(B21="","",TEXT(B21,"yyyy-mm")) | V21: =IF(A21="","",IFERROR(INDEX(Settings!$F$5:$F$49,MATCH(G21,Settings!$D$5:$D$49,0)),"")) | W21: =IF(A21="","",IF(OR(P21="",P21="Organic"),"social","paid_social")) | X21: =IF(A21="","",IF(K21<>"",IFERROR(INDEX('Case Studies'!$C$5:$C$54,MATCH(K21,'Case Studies'!$B$5:$B$54,0))&"","case-study"),IF(J21<>"",IFERROR(INDEX(Settings!$J$5:$J$55,MATCH(J21,Settings!$I$5:$I$55,0)),"general"),"general"))) | Y21: =IF(A21="","",LOWER(A21)) | Z21: =IF(A21="","",IF(T21="",Settings!$B$5,T21)&IF(ISNUMBER(FIND("?",IF(T21="",Settings!$B$5,T21))),"&","?")&"utm_source="&V21&"&utm_medium="&W21&"&utm_campaign="&X21&"&utm_content="&Y21) | AO21: =IF(A21="","",IF(AD21<>"",AD21,IF(AC21<>"",AC21,""))) | AP21: =IF(AO21="","",IF(AD21<>"","Reported reach","Impressions (proxy)")) | AQ21: =IF(OR(AO21="",N(S21)=0),"",AO21/S21) | AR21: =IF(A21="","",IF(COUNT(AF21:AJ21)=0,"",SUM(AF21:AJ21))) | AS21: =IF(OR(AR21="",N(AO21)=0),"",AR21/AO21) | AT21: =IF(OR(AR21="",N(AC21)=0),"",AR21/AC21) | AU21: =IF(OR(AR21="",N(S21)=0),"",AR21/S21) | AV21: =IF(OR(AJ21="",N(AC21)=0),"",AJ21/AC21) | AW21: =IF(OR(AH21="",N(AO21)=0),"",AH21/AO21) | AX21: =IF(OR(AR21="",N(AO21)=0),"",(N(AF21)*Settings!$B$6+N(AG21)*Settings!$B$7+N(AH21)*Settings!$B$8+N(AI21)*Settings!$B$9+N(AJ21)*Settings!$B$10)/AO21*1000) | AY21: =IF(AS21="","",IFERROR(AS21/AVERAGEIFS('Post Tracker'!$AS$5:$AS$1004,'Post Tracker'!$G$5:$G$1004,G21),"")) | BD21: =IF(A21="","",COUNTIFS('Demo Pipeline'!$Q$5:$Q$504,A21)) | BE21: =IF(A21="","",COUNTIFS('Demo Pipeline'!$Q$5:$Q$504,A21,'Demo Pipeline'!$W$5:$W$504,"Attended")) | BF21: =IF(A21="","",COUNTIFS('Demo Pipeline'!$Q$5:$Q$504,A21,'Demo Pipeline'!$X$5:$X$504,"Yes")) | BG21: =IF(A21="","",COUNTIFS('Demo Pipeline'!$Q$5:$Q$504,A21,'Demo Pipeline'!$Y$5:$Y$504,"Closed Won")) | BH21: =IF(A21="","",SUMIFS('Demo Pipeline'!$Z$5:$Z$504,'Demo Pipeline'!$Q$5:$Q$504,A21)) | BI21: =IF(OR(AZ21="",N(AJ21)=0),"",AZ21/AJ21) | BJ21: =IF(OR(BB21="",N(AZ21)=0),"",BB21/AZ21) | BK21: =IF(OR(A21="",N(BB21)=0),"",BD21/BB21) | BL21: =IF(OR(A21="",N(AZ21)=0),"",BD21/AZ21) | BM21: =IF(OR(N(Q21)=0,N(BD21)=0),"",Q21/BD21) | BP21: =IF(OR(AR21="",N(AO21)=0),"",AR21) | BQ21: =IF(OR(AR21="",N(S21)=0),"",S21) | BR21: =IF(AND(ISNUMBER(B21),B21>=Dashboard!$C$4,B21<=Dashboard!$F$4,ISNUMBER(AU21)),AU21+ROW()/10^9,"") | BS21: =IF(AND(ISNUMBER(B21),B21>=Dashboard!$C$4,B21<=Dashboard!$F$4,A21<>""),N(BD21)+N(AU21)/100+ROW()/10^9,"")
A22: =IF(OR(B22="",G22="",H22=""),"",IFERROR(INDEX(Settings!$E$5:$E$49,MATCH(G22,Settings!$D$5:$D$49,0))&INDEX(Settings!$H$5:$H$47,MATCH(H22,Settings!$G$5:$G$47,0))&"-"&TEXT(B22,"yymmdd")&"-"&IF(C22="","0000",TEXT(C22,"hhmm")),"CHECK LISTS")) | D22: =IF(B22="","",TEXT(B22,"ddd")) | E22: =IF(B22="","",B22-WEEKDAY(B22,3)) | F22: =IF(B22="","",TEXT(B22,"yyyy-mm")) | V22: =IF(A22="","",IFERROR(INDEX(Settings!$F$5:$F$49,MATCH(G22,Settings!$D$5:$D$49,0)),"")) | W22: =IF(A22="","",IF(OR(P22="",P22="Organic"),"social","paid_social")) | X22: =IF(A22="","",IF(K22<>"",IFERROR(INDEX('Case Studies'!$C$5:$C$54,MATCH(K22,'Case Studies'!$B$5:$B$54,0))&"","case-study"),IF(J22<>"",IFERROR(INDEX(Settings!$J$5:$J$55,MATCH(J22,Settings!$I$5:$I$55,0)),"general"),"general"))) | Y22: =IF(A22="","",LOWER(A22)) | Z22: =IF(A22="","",IF(T22="",Settings!$B$5,T22)&IF(ISNUMBER(FIND("?",IF(T22="",Settings!$B$5,T22))),"&","?")&"utm_source="&V22&"&utm_medium="&W22&"&utm_campaign="&X22&"&utm_content="&Y22) | AO22: =IF(A22="","",IF(AD22<>"",AD22,IF(AC22<>"",AC22,""))) | AP22: =IF(AO22="","",IF(AD22<>"","Reported reach","Impressions (proxy)")) | AQ22: =IF(OR(AO22="",N(S22)=0),"",AO22/S22) | AR22: =IF(A22="","",IF(COUNT(AF22:AJ22)=0,"",SUM(AF22:AJ22))) | AS22: =IF(OR(AR22="",N(AO22)=0),"",AR22/AO22) | AT22: =IF(OR(AR22="",N(AC22)=0),"",AR22/AC22) | AU22: =IF(OR(AR22="",N(S22)=0),"",AR22/S22) | AV22: =IF(OR(AJ22="",N(AC22)=0),"",AJ22/AC22) | AW22: =IF(OR(AH22="",N(AO22)=0),"",AH22/AO22) | AX22: =IF(OR(AR22="",N(AO22)=0),"",(N(AF22)*Settings!$B$6+N(AG22)*Settings!$B$7+N(AH22)*Settings!$B$8+N(AI22)*Settings!$B$9+N(AJ22)*Settings!$B$10)/AO22*1000) | AY22: =IF(AS22="","",IFERROR(AS22/AVERAGEIFS('Post Tracker'!$AS$5:$AS$1004,'Post Tracker'!$G$5:$G$1004,G22),"")) | BD22: =IF(A22="","",COUNTIFS('Demo Pipeline'!$Q$5:$Q$504,A22)) | BE22: =IF(A22="","",COUNTIFS('Demo Pipeline'!$Q$5:$Q$504,A22,'Demo Pipeline'!$W$5:$W$504,"Attended")) | BF22: =IF(A22="","",COUNTIFS('Demo Pipeline'!$Q$5:$Q$504,A22,'Demo Pipeline'!$X$5:$X$504,"Yes")) | BG22: =IF(A22="","",COUNTIFS('Demo Pipeline'!$Q$5:$Q$504,A22,'Demo Pipeline'!$Y$5:$Y$504,"Closed Won")) | BH22: =IF(A22="","",SUMIFS('Demo Pipeline'!$Z$5:$Z$504,'Demo Pipeline'!$Q$5:$Q$504,A22)) | BI22: =IF(OR(AZ22="",N(AJ22)=0),"",AZ22/AJ22) | BJ22: =IF(OR(BB22="",N(AZ22)=0),"",BB22/AZ22) | BK22: =IF(OR(A22="",N(BB22)=0),"",BD22/BB22) | BL22: =IF(OR(A22="",N(AZ22)=0),"",BD22/AZ22) | BM22: =IF(OR(N(Q22)=0,N(BD22)=0),"",Q22/BD22) | BP22: =IF(OR(AR22="",N(AO22)=0),"",AR22) | BQ22: =IF(OR(AR22="",N(S22)=0),"",S22) | BR22: =IF(AND(ISNUMBER(B22),B22>=Dashboard!$C$4,B22<=Dashboard!$F$4,ISNUMBER(AU22)),AU22+ROW()/10^9,"") | BS22: =IF(AND(ISNUMBER(B22),B22>=Dashboard!$C$4,B22<=Dashboard!$F$4,A22<>""),N(BD22)+N(AU22)/100+ROW()/10^9,"")
A23: =IF(OR(B23="",G23="",H23=""),"",IFERROR(INDEX(Settings!$E$5:$E$49,MATCH(G23,Settings!$D$5:$D$49,0))&INDEX(Settings!$H$5:$H$47,MATCH(H23,Settings!$G$5:$G$47,0))&"-"&TEXT(B23,"yymmdd")&"-"&IF(C23="","0000",TEXT(C23,"hhmm")),"CHECK LISTS")) | D23: =IF(B23="","",TEXT(B23,"ddd")) | E23: =IF(B23="","",B23-WEEKDAY(B23,3)) | F23: =IF(B23="","",TEXT(B23,"yyyy-mm")) | V23: =IF(A23="","",IFERROR(INDEX(Settings!$F$5:$F$49,MATCH(G23,Settings!$D$5:$D$49,0)),"")) | W23: =IF(A23="","",IF(OR(P23="",P23="Organic"),"social","paid_social")) | X23: =IF(A23="","",IF(K23<>"",IFERROR(INDEX('Case Studies'!$C$5:$C$54,MATCH(K23,'Case Studies'!$B$5:$B$54,0))&"","case-study"),IF(J23<>"",IFERROR(INDEX(Settings!$J$5:$J$55,MATCH(J23,Settings!$I$5:$I$55,0)),"general"),"general"))) | Y23: =IF(A23="","",LOWER(A23)) | Z23: =IF(A23="","",IF(T23="",Settings!$B$5,T23)&IF(ISNUMBER(FIND("?",IF(T23="",Settings!$B$5,T23))),"&","?")&"utm_source="&V23&"&utm_medium="&W23&"&utm_campaign="&X23&"&utm_content="&Y23) | AO23: =IF(A23="","",IF(AD23<>"",AD23,IF(AC23<>"",AC23,""))) | AP23: =IF(AO23="","",IF(AD23<>"","Reported reach","Impressions (proxy)")) | AQ23: =IF(OR(AO23="",N(S23)=0),"",AO23/S23) | AR23: =IF(A23="","",IF(COUNT(AF23:AJ23)=0,"",SUM(AF23:AJ23))) | AS23: =IF(OR(AR23="",N(AO23)=0),"",AR23/AO23) | AT23: =IF(OR(AR23="",N(AC23)=0),"",AR23/AC23) | AU23: =IF(OR(AR23="",N(S23)=0),"",AR23/S23) | AV23: =IF(OR(AJ23="",N(AC23)=0),"",AJ23/AC23) | AW23: =IF(OR(AH23="",N(AO23)=0),"",AH23/AO23) | AX23: =IF(OR(AR23="",N(AO23)=0),"",(N(AF23)*Settings!$B$6+N(AG23)*Settings!$B$7+N(AH23)*Settings!$B$8+N(AI23)*Settings!$B$9+N(AJ23)*Settings!$B$10)/AO23*1000) | AY23: =IF(AS23="","",IFERROR(AS23/AVERAGEIFS('Post Tracker'!$AS$5:$AS$1004,'Post Tracker'!$G$5:$G$1004,G23),"")) | BD23: =IF(A23="","",COUNTIFS('Demo Pipeline'!$Q$5:$Q$504,A23)) | BE23: =IF(A23="","",COUNTIFS('Demo Pipeline'!$Q$5:$Q$504,A23,'Demo Pipeline'!$W$5:$W$504,"Attended")) | BF23: =IF(A23="","",COUNTIFS('Demo Pipeline'!$Q$5:$Q$504,A23,'Demo Pipeline'!$X$5:$X$504,"Yes")) | BG23: =IF(A23="","",COUNTIFS('Demo Pipeline'!$Q$5:$Q$504,A23,'Demo Pipeline'!$Y$5:$Y$504,"Closed Won")) | BH23: =IF(A23="","",SUMIFS('Demo Pipeline'!$Z$5:$Z$504,'Demo Pipeline'!$Q$5:$Q$504,A23)) | BI23: =IF(OR(AZ23="",N(AJ23)=0),"",AZ23/AJ23) | BJ23: =IF(OR(BB23="",N(AZ23)=0),"",BB23/AZ23) | BK23: =IF(OR(A23="",N(BB23)=0),"",BD23/BB23) | BL23: =IF(OR(A23="",N(AZ23)=0),"",BD23/AZ23) | BM23: =IF(OR(N(Q23)=0,N(BD23)=0),"",Q23/BD23) | BP23: =IF(OR(AR23="",N(AO23)=0),"",AR23) | BQ23: =IF(OR(AR23="",N(S23)=0),"",S23) | BR23: =IF(AND(ISNUMBER(B23),B23>=Dashboard!$C$4,B23<=Dashboard!$F$4,ISNUMBER(AU23)),AU23+ROW()/10^9,"") | BS23: =IF(AND(ISNUMBER(B23),B23>=Dashboard!$C$4,B23<=Dashboard!$F$4,A23<>""),N(BD23)+N(AU23)/100+ROW()/10^9,"")
A24: =IF(OR(B24="",G24="",H24=""),"",IFERROR(INDEX(Settings!$E$5:$E$49,MATCH(G24,Settings!$D$5:$D$49,0))&INDEX(Settings!$H$5:$H$47,MATCH(H24,Settings!$G$5:$G$47,0))&"-"&TEXT(B24,"yymmdd")&"-"&IF(C24="","0000",TEXT(C24,"hhmm")),"CHECK LISTS")) | D24: =IF(B24="","",TEXT(B24,"ddd")) | E24: =IF(B24="","",B24-WEEKDAY(B24,3)) | F24: =IF(B24="","",TEXT(B24,"yyyy-mm")) | V24: =IF(A24="","",IFERROR(INDEX(Settings!$F$5:$F$49,MATCH(G24,Settings!$D$5:$D$49,0)),"")) | W24: =IF(A24="","",IF(OR(P24="",P24="Organic"),"social","paid_social")) | X24: =IF(A24="","",IF(K24<>"",IFERROR(INDEX('Case Studies'!$C$5:$C$54,MATCH(K24,'Case Studies'!$B$5:$B$54,0))&"","case-study"),IF(J24<>"",IFERROR(INDEX(Settings!$J$5:$J$55,MATCH(J24,Settings!$I$5:$I$55,0)),"general"),"general"))) | Y24: =IF(A24="","",LOWER(A24)) | Z24: =IF(A24="","",IF(T24="",Settings!$B$5,T24)&IF(ISNUMBER(FIND("?",IF(T24="",Settings!$B$5,T24))),"&","?")&"utm_source="&V24&"&utm_medium="&W24&"&utm_campaign="&X24&"&utm_content="&Y24) | AO24: =IF(A24="","",IF(AD24<>"",AD24,IF(AC24<>"",AC24,""))) | AP24: =IF(AO24="","",IF(AD24<>"","Reported reach","Impressions (proxy)")) | AQ24: =IF(OR(AO24="",N(S24)=0),"",AO24/S24) | AR24: =IF(A24="","",IF(COUNT(AF24:AJ24)=0,"",SUM(AF24:AJ24))) | AS24: =IF(OR(AR24="",N(AO24)=0),"",AR24/AO24) | AT24: =IF(OR(AR24="",N(AC24)=0),"",AR24/AC24) | AU24: =IF(OR(AR24="",N(S24)=0),"",AR24/S24) | AV24: =IF(OR(AJ24="",N(AC24)=0),"",AJ24/AC24) | AW24: =IF(OR(AH24="",N(AO24)=0),"",AH24/AO24) | AX24: =IF(OR(AR24="",N(AO24)=0),"",(N(AF24)*Settings!$B$6+N(AG24)*Settings!$B$7+N(AH24)*Settings!$B$8+N(AI24)*Settings!$B$9+N(AJ24)*Settings!$B$10)/AO24*1000) | AY24: =IF(AS24="","",IFERROR(AS24/AVERAGEIFS('Post Tracker'!$AS$5:$AS$1004,'Post Tracker'!$G$5:$G$1004,G24),"")) | BD24: =IF(A24="","",COUNTIFS('Demo Pipeline'!$Q$5:$Q$504,A24)) | BE24: =IF(A24="","",COUNTIFS('Demo Pipeline'!$Q$5:$Q$504,A24,'Demo Pipeline'!$W$5:$W$504,"Attended")) | BF24: =IF(A24="","",COUNTIFS('Demo Pipeline'!$Q$5:$Q$504,A24,'Demo Pipeline'!$X$5:$X$504,"Yes")) | BG24: =IF(A24="","",COUNTIFS('Demo Pipeline'!$Q$5:$Q$504,A24,'Demo Pipeline'!$Y$5:$Y$504,"Closed Won")) | BH24: =IF(A24="","",SUMIFS('Demo Pipeline'!$Z$5:$Z$504,'Demo Pipeline'!$Q$5:$Q$504,A24)) | BI24: =IF(OR(AZ24="",N(AJ24)=0),"",AZ24/AJ24) | BJ24: =IF(OR(BB24="",N(AZ24)=0),"",BB24/AZ24) | BK24: =IF(OR(A24="",N(BB24)=0),"",BD24/BB24) | BL24: =IF(OR(A24="",N(AZ24)=0),"",BD24/AZ24) | BM24: =IF(OR(N(Q24)=0,N(BD24)=0),"",Q24/BD24) | BP24: =IF(OR(AR24="",N(AO24)=0),"",AR24) | BQ24: =IF(OR(AR24="",N(S24)=0),"",S24) | BR24: =IF(AND(ISNUMBER(B24),B24>=Dashboard!$C$4,B24<=Dashboard!$F$4,ISNUMBER(AU24)),AU24+ROW()/10^9,"") | BS24: =IF(AND(ISNUMBER(B24),B24>=Dashboard!$C$4,B24<=Dashboard!$F$4,A24<>""),N(BD24)+N(AU24)/100+ROW()/10^9,"")
A25: =IF(OR(B25="",G25="",H25=""),"",IFERROR(INDEX(Settings!$E$5:$E$49,MATCH(G25,Settings!$D$5:$D$49,0))&INDEX(Settings!$H$5:$H$47,MATCH(H25,Settings!$G$5:$G$47,0))&"-"&TEXT(B25,"yymmdd")&"-"&IF(C25="","0000",TEXT(C25,"hhmm")),"CHECK LISTS")) | D25: =IF(B25="","",TEXT(B25,"ddd")) | E25: =IF(B25="","",B25-WEEKDAY(B25,3)) | F25: =IF(B25="","",TEXT(B25,"yyyy-mm")) | V25: =IF(A25="","",IFERROR(INDEX(Settings!$F$5:$F$49,MATCH(G25,Settings!$D$5:$D$49,0)),"")) | W25: =IF(A25="","",IF(OR(P25="",P25="Organic"),"social","paid_social")) | X25: =IF(A25="","",IF(K25<>"",IFERROR(INDEX('Case Studies'!$C$5:$C$54,MATCH(K25,'Case Studies'!$B$5:$B$54,0))&"","case-study"),IF(J25<>"",IFERROR(INDEX(Settings!$J$5:$J$55,MATCH(J25,Settings!$I$5:$I$55,0)),"general"),"general"))) | Y25: =IF(A25="","",LOWER(A25)) | Z25: =IF(A25="","",IF(T25="",Settings!$B$5,T25)&IF(ISNUMBER(FIND("?",IF(T25="",Settings!$B$5,T25))),"&","?")&"utm_source="&V25&"&utm_medium="&W25&"&utm_campaign="&X25&"&utm_content="&Y25) | AO25: =IF(A25="","",IF(AD25<>"",AD25,IF(AC25<>"",AC25,""))) | AP25: =IF(AO25="","",IF(AD25<>"","Reported reach","Impressions (proxy)")) | AQ25: =IF(OR(AO25="",N(S25)=0),"",AO25/S25) | AR25: =IF(A25="","",IF(COUNT(AF25:AJ25)=0,"",SUM(AF25:AJ25))) | AS25: =IF(OR(AR25="",N(AO25)=0),"",AR25/AO25) | AT25: =IF(OR(AR25="",N(AC25)=0),"",AR25/AC25) | AU25: =IF(OR(AR25="",N(S25)=0),"",AR25/S25) | AV25: =IF(OR(AJ25="",N(AC25)=0),"",AJ25/AC25) | AW25: =IF(OR(AH25="",N(AO25)=0),"",AH25/AO25) | AX25: =IF(OR(AR25="",N(AO25)=0),"",(N(AF25)*Settings!$B$6+N(AG25)*Settings!$B$7+N(AH25)*Settings!$B$8+N(AI25)*Settings!$B$9+N(AJ25)*Settings!$B$10)/AO25*1000) | AY25: =IF(AS25="","",IFERROR(AS25/AVERAGEIFS('Post Tracker'!$AS$5:$AS$1004,'Post Tracker'!$G$5:$G$1004,G25),"")) | BD25: =IF(A25="","",COUNTIFS('Demo Pipeline'!$Q$5:$Q$504,A25)) | BE25: =IF(A25="","",COUNTIFS('Demo Pipeline'!$Q$5:$Q$504,A25,'Demo Pipeline'!$W$5:$W$504,"Attended")) | BF25: =IF(A25="","",COUNTIFS('Demo Pipeline'!$Q$5:$Q$504,A25,'Demo Pipeline'!$X$5:$X$504,"Yes")) | BG25: =IF(A25="","",COUNTIFS('Demo Pipeline'!$Q$5:$Q$504,A25,'Demo Pipeline'!$Y$5:$Y$504,"Closed Won")) | BH25: =IF(A25="","",SUMIFS('Demo Pipeline'!$Z$5:$Z$504,'Demo Pipeline'!$Q$5:$Q$504,A25)) | BI25: =IF(OR(AZ25="",N(AJ25)=0),"",AZ25/AJ25) | BJ25: =IF(OR(BB25="",N(AZ25)=0),"",BB25/AZ25) | BK25: =IF(OR(A25="",N(BB25)=0),"",BD25/BB25) | BL25: =IF(OR(A25="",N(AZ25)=0),"",BD25/AZ25) | BM25: =IF(OR(N(Q25)=0,N(BD25)=0),"",Q25/BD25) | BP25: =IF(OR(AR25="",N(AO25)=0),"",AR25) | BQ25: =IF(OR(AR25="",N(S25)=0),"",S25) | BR25: =IF(AND(ISNUMBER(B25),B25>=Dashboard!$C$4,B25<=Dashboard!$F$4,ISNUMBER(AU25)),AU25+ROW()/10^9,"") | BS25: =IF(AND(ISNUMBER(B25),B25>=Dashboard!$C$4,B25<=Dashboard!$F$4,A25<>""),N(BD25)+N(AU25)/100+ROW()/10^9,"")
A26: =IF(OR(B26="",G26="",H26=""),"",IFERROR(INDEX(Settings!$E$5:$E$49,MATCH(G26,Settings!$D$5:$D$49,0))&INDEX(Settings!$H$5:$H$47,MATCH(H26,Settings!$G$5:$G$47,0))&"-"&TEXT(B26,"yymmdd")&"-"&IF(C26="","0000",TEXT(C26,"hhmm")),"CHECK LISTS")) | D26: =IF(B26="","",TEXT(B26,"ddd")) | E26: =IF(B26="","",B26-WEEKDAY(B26,3)) | F26: =IF(B26="","",TEXT(B26,"yyyy-mm")) | V26: =IF(A26="","",IFERROR(INDEX(Settings!$F$5:$F$49,MATCH(G26,Settings!$D$5:$D$49,0)),"")) | W26: =IF(A26="","",IF(OR(P26="",P26="Organic"),"social","paid_social")) | X26: =IF(A26="","",IF(K26<>"",IFERROR(INDEX('Case Studies'!$C$5:$C$54,MATCH(K26,'Case Studies'!$B$5:$B$54,0))&"","case-study"),IF(J26<>"",IFERROR(INDEX(Settings!$J$5:$J$55,MATCH(J26,Settings!$I$5:$I$55,0)),"general"),"general"))) | Y26: =IF(A26="","",LOWER(A26)) | Z26: =IF(A26="","",IF(T26="",Settings!$B$5,T26)&IF(ISNUMBER(FIND("?",IF(T26="",Settings!$B$5,T26))),"&","?")&"utm_source="&V26&"&utm_medium="&W26&"&utm_campaign="&X26&"&utm_content="&Y26) | AO26: =IF(A26="","",IF(AD26<>"",AD26,IF(AC26<>"",AC26,""))) | AP26: =IF(AO26="","",IF(AD26<>"","Reported reach","Impressions (proxy)")) | AQ26: =IF(OR(AO26="",N(S26)=0),"",AO26/S26) | AR26: =IF(A26="","",IF(COUNT(AF26:AJ26)=0,"",SUM(AF26:AJ26))) | AS26: =IF(OR(AR26="",N(AO26)=0),"",AR26/AO26) | AT26: =IF(OR(AR26="",N(AC26)=0),"",AR26/AC26) | AU26: =IF(OR(AR26="",N(S26)=0),"",AR26/S26) | AV26: =IF(OR(AJ26="",N(AC26)=0),"",AJ26/AC26) | AW26: =IF(OR(AH26="",N(AO26)=0),"",AH26/AO26) | AX26: =IF(OR(AR26="",N(AO26)=0),"",(N(AF26)*Settings!$B$6+N(AG26)*Settings!$B$7+N(AH26)*Settings!$B$8+N(AI26)*Settings!$B$9+N(AJ26)*Settings!$B$10)/AO26*1000) | AY26: =IF(AS26="","",IFERROR(AS26/AVERAGEIFS('Post Tracker'!$AS$5:$AS$1004,'Post Tracker'!$G$5:$G$1004,G26),"")) | BD26: =IF(A26="","",COUNTIFS('Demo Pipeline'!$Q$5:$Q$504,A26)) | BE26: =IF(A26="","",COUNTIFS('Demo Pipeline'!$Q$5:$Q$504,A26,'Demo Pipeline'!$W$5:$W$504,"Attended")) | BF26: =IF(A26="","",COUNTIFS('Demo Pipeline'!$Q$5:$Q$504,A26,'Demo Pipeline'!$X$5:$X$504,"Yes")) | BG26: =IF(A26="","",COUNTIFS('Demo Pipeline'!$Q$5:$Q$504,A26,'Demo Pipeline'!$Y$5:$Y$504,"Closed Won")) | BH26: =IF(A26="","",SUMIFS('Demo Pipeline'!$Z$5:$Z$504,'Demo Pipeline'!$Q$5:$Q$504,A26)) | BI26: =IF(OR(AZ26="",N(AJ26)=0),"",AZ26/AJ26) | BJ26: =IF(OR(BB26="",N(AZ26)=0),"",BB26/AZ26) | BK26: =IF(OR(A26="",N(BB26)=0),"",BD26/BB26) | BL26: =IF(OR(A26="",N(AZ26)=0),"",BD26/AZ26) | BM26: =IF(OR(N(Q26)=0,N(BD26)=0),"",Q26/BD26) | BP26: =IF(OR(AR26="",N(AO26)=0),"",AR26) | BQ26: =IF(OR(AR26="",N(S26)=0),"",S26) | BR26: =IF(AND(ISNUMBER(B26),B26>=Dashboard!$C$4,B26<=Dashboard!$F$4,ISNUMBER(AU26)),AU26+ROW()/10^9,"") | BS26: =IF(AND(ISNUMBER(B26),B26>=Dashboard!$C$4,B26<=Dashboard!$F$4,A26<>""),N(BD26)+N(AU26)/100+ROW()/10^9,"")
A27: =IF(OR(B27="",G27="",H27=""),"",IFERROR(INDEX(Settings!$E$5:$E$49,MATCH(G27,Settings!$D$5:$D$49,0))&INDEX(Settings!$H$5:$H$47,MATCH(H27,Settings!$G$5:$G$47,0))&"-"&TEXT(B27,"yymmdd")&"-"&IF(C27="","0000",TEXT(C27,"hhmm")),"CHECK LISTS")) | D27: =IF(B27="","",TEXT(B27,"ddd")) | E27: =IF(B27="","",B27-WEEKDAY(B27,3)) | F27: =IF(B27="","",TEXT(B27,"yyyy-mm")) | V27: =IF(A27="","",IFERROR(INDEX(Settings!$F$5:$F$49,MATCH(G27,Settings!$D$5:$D$49,0)),"")) | W27: =IF(A27="","",IF(OR(P27="",P27="Organic"),"social","paid_social")) | X27: =IF(A27="","",IF(K27<>"",IFERROR(INDEX('Case Studies'!$C$5:$C$54,MATCH(K27,'Case Studies'!$B$5:$B$54,0))&"","case-study"),IF(J27<>"",IFERROR(INDEX(Settings!$J$5:$J$55,MATCH(J27,Settings!$I$5:$I$55,0)),"general"),"general"))) | Y27: =IF(A27="","",LOWER(A27)) | Z27: =IF(A27="","",IF(T27="",Settings!$B$5,T27)&IF(ISNUMBER(FIND("?",IF(T27="",Settings!$B$5,T27))),"&","?")&"utm_source="&V27&"&utm_medium="&W27&"&utm_campaign="&X27&"&utm_content="&Y27) | AO27: =IF(A27="","",IF(AD27<>"",AD27,IF(AC27<>"",AC27,""))) | AP27: =IF(AO27="","",IF(AD27<>"","Reported reach","Impressions (proxy)")) | AQ27: =IF(OR(AO27="",N(S27)=0),"",AO27/S27) | AR27: =IF(A27="","",IF(COUNT(AF27:AJ27)=0,"",SUM(AF27:AJ27))) | AS27: =IF(OR(AR27="",N(AO27)=0),"",AR27/AO27) | AT27: =IF(OR(AR27="",N(AC27)=0),"",AR27/AC27) | AU27: =IF(OR(AR27="",N(S27)=0),"",AR27/S27) | AV27: =IF(OR(AJ27="",N(AC27)=0),"",AJ27/AC27) | AW27: =IF(OR(AH27="",N(AO27)=0),"",AH27/AO27) | AX27: =IF(OR(AR27="",N(AO27)=0),"",(N(AF27)*Settings!$B$6+N(AG27)*Settings!$B$7+N(AH27)*Settings!$B$8+N(AI27)*Settings!$B$9+N(AJ27)*Settings!$B$10)/AO27*1000) | AY27: =IF(AS27="","",IFERROR(AS27/AVERAGEIFS('Post Tracker'!$AS$5:$AS$1004,'Post Tracker'!$G$5:$G$1004,G27),"")) | BD27: =IF(A27="","",COUNTIFS('Demo Pipeline'!$Q$5:$Q$504,A27)) | BE27: =IF(A27="","",COUNTIFS('Demo Pipeline'!$Q$5:$Q$504,A27,'Demo Pipeline'!$W$5:$W$504,"Attended")) | BF27: =IF(A27="","",COUNTIFS('Demo Pipeline'!$Q$5:$Q$504,A27,'Demo Pipeline'!$X$5:$X$504,"Yes")) | BG27: =IF(A27="","",COUNTIFS('Demo Pipeline'!$Q$5:$Q$504,A27,'Demo Pipeline'!$Y$5:$Y$504,"Closed Won")) | BH27: =IF(A27="","",SUMIFS('Demo Pipeline'!$Z$5:$Z$504,'Demo Pipeline'!$Q$5:$Q$504,A27)) | BI27: =IF(OR(AZ27="",N(AJ27)=0),"",AZ27/AJ27) | BJ27: =IF(OR(BB27="",N(AZ27)=0),"",BB27/AZ27) | BK27: =IF(OR(A27="",N(BB27)=0),"",BD27/BB27) | BL27: =IF(OR(A27="",N(AZ27)=0),"",BD27/AZ27) | BM27: =IF(OR(N(Q27)=0,N(BD27)=0),"",Q27/BD27) | BP27: =IF(OR(AR27="",N(AO27)=0),"",AR27) | BQ27: =IF(OR(AR27="",N(S27)=0),"",S27) | BR27: =IF(AND(ISNUMBER(B27),B27>=Dashboard!$C$4,B27<=Dashboard!$F$4,ISNUMBER(AU27)),AU27+ROW()/10^9,"") | BS27: =IF(AND(ISNUMBER(B27),B27>=Dashboard!$C$4,B27<=Dashboard!$F$4,A27<>""),N(BD27)+N(AU27)/100+ROW()/10^9,"")
A28: =IF(OR(B28="",G28="",H28=""),"",IFERROR(INDEX(Settings!$E$5:$E$49,MATCH(G28,Settings!$D$5:$D$49,0))&INDEX(Settings!$H$5:$H$47,MATCH(H28,Settings!$G$5:$G$47,0))&"-"&TEXT(B28,"yymmdd")&"-"&IF(C28="","0000",TEXT(C28,"hhmm")),"CHECK LISTS")) | D28: =IF(B28="","",TEXT(B28,"ddd")) | E28: =IF(B28="","",B28-WEEKDAY(B28,3)) | F28: =IF(B28="","",TEXT(B28,"yyyy-mm")) | V28: =IF(A28="","",IFERROR(INDEX(Settings!$F$5:$F$49,MATCH(G28,Settings!$D$5:$D$49,0)),"")) | W28: =IF(A28="","",IF(OR(P28="",P28="Organic"),"social","paid_social")) | X28: =IF(A28="","",IF(K28<>"",IFERROR(INDEX('Case Studies'!$C$5:$C$54,MATCH(K28,'Case Studies'!$B$5:$B$54,0))&"","case-study"),IF(J28<>"",IFERROR(INDEX(Settings!$J$5:$J$55,MATCH(J28,Settings!$I$5:$I$55,0)),"general"),"general"))) | Y28: =IF(A28="","",LOWER(A28)) | Z28: =IF(A28="","",IF(T28="",Settings!$B$5,T28)&IF(ISNUMBER(FIND("?",IF(T28="",Settings!$B$5,T28))),"&","?")&"utm_source="&V28&"&utm_medium="&W28&"&utm_campaign="&X28&"&utm_content="&Y28) | AO28: =IF(A28="","",IF(AD28<>"",AD28,IF(AC28<>"",AC28,""))) | AP28: =IF(AO28="","",IF(AD28<>"","Reported reach","Impressions (proxy)")) | AQ28: =IF(OR(AO28="",N(S28)=0),"",AO28/S28) | AR28: =IF(A28="","",IF(COUNT(AF28:AJ28)=0,"",SUM(AF28:AJ28))) | AS28: =IF(OR(AR28="",N(AO28)=0),"",AR28/AO28) | AT28: =IF(OR(AR28="",N(AC28)=0),"",AR28/AC28) | AU28: =IF(OR(AR28="",N(S28)=0),"",AR28/S28) | AV28: =IF(OR(AJ28="",N(AC28)=0),"",AJ28/AC28) | AW28: =IF(OR(AH28="",N(AO28)=0),"",AH28/AO28) | AX28: =IF(OR(AR28="",N(AO28)=0),"",(N(AF28)*Settings!$B$6+N(AG28)*Settings!$B$7+N(AH28)*Settings!$B$8+N(AI28)*Settings!$B$9+N(AJ28)*Settings!$B$10)/AO28*1000) | AY28: =IF(AS28="","",IFERROR(AS28/AVERAGEIFS('Post Tracker'!$AS$5:$AS$1004,'Post Tracker'!$G$5:$G$1004,G28),"")) | BD28: =IF(A28="","",COUNTIFS('Demo Pipeline'!$Q$5:$Q$504,A28)) | BE28: =IF(A28="","",COUNTIFS('Demo Pipeline'!$Q$5:$Q$504,A28,'Demo Pipeline'!$W$5:$W$504,"Attended")) | BF28: =IF(A28="","",COUNTIFS('Demo Pipeline'!$Q$5:$Q$504,A28,'Demo Pipeline'!$X$5:$X$504,"Yes")) | BG28: =IF(A28="","",COUNTIFS('Demo Pipeline'!$Q$5:$Q$504,A28,'Demo Pipeline'!$Y$5:$Y$504,"Closed Won")) | BH28: =IF(A28="","",SUMIFS('Demo Pipeline'!$Z$5:$Z$504,'Demo Pipeline'!$Q$5:$Q$504,A28)) | BI28: =IF(OR(AZ28="",N(AJ28)=0),"",AZ28/AJ28) | BJ28: =IF(OR(BB28="",N(AZ28)=0),"",BB28/AZ28) | BK28: =IF(OR(A28="",N(BB28)=0),"",BD28/BB28) | BL28: =IF(OR(A28="",N(AZ28)=0),"",BD28/AZ28) | BM28: =IF(OR(N(Q28)=0,N(BD28)=0),"",Q28/BD28) | BP28: =IF(OR(AR28="",N(AO28)=0),"",AR28) | BQ28: =IF(OR(AR28="",N(S28)=0),"",S28) | BR28: =IF(AND(ISNUMBER(B28),B28>=Dashboard!$C$4,B28<=Dashboard!$F$4,ISNUMBER(AU28)),AU28+ROW()/10^9,"") | BS28: =IF(AND(ISNUMBER(B28),B28>=Dashboard!$C$4,B28<=Dashboard!$F$4,A28<>""),N(BD28)+N(AU28)/100+ROW()/10^9,"")
A29: =IF(OR(B29="",G29="",H29=""),"",IFERROR(INDEX(Settings!$E$5:$E$49,MATCH(G29,Settings!$D$5:$D$49,0))&INDEX(Settings!$H$5:$H$47,MATCH(H29,Settings!$G$5:$G$47,0))&"-"&TEXT(B29,"yymmdd")&"-"&IF(C29="","0000",TEXT(C29,"hhmm")),"CHECK LISTS")) | D29: =IF(B29="","",TEXT(B29,"ddd")) | E29: =IF(B29="","",B29-WEEKDAY(B29,3)) | F29: =IF(B29="","",TEXT(B29,"yyyy-mm")) | V29: =IF(A29="","",IFERROR(INDEX(Settings!$F$5:$F$49,MATCH(G29,Settings!$D$5:$D$49,0)),"")) | W29: =IF(A29="","",IF(OR(P29="",P29="Organic"),"social","paid_social")) | X29: =IF(A29="","",IF(K29<>"",IFERROR(INDEX('Case Studies'!$C$5:$C$54,MATCH(K29,'Case Studies'!$B$5:$B$54,0))&"","case-study"),IF(J29<>"",IFERROR(INDEX(Settings!$J$5:$J$55,MATCH(J29,Settings!$I$5:$I$55,0)),"general"),"general"))) | Y29: =IF(A29="","",LOWER(A29)) | Z29: =IF(A29="","",IF(T29="",Settings!$B$5,T29)&IF(ISNUMBER(FIND("?",IF(T29="",Settings!$B$5,T29))),"&","?")&"utm_source="&V29&"&utm_medium="&W29&"&utm_campaign="&X29&"&utm_content="&Y29) | AO29: =IF(A29="","",IF(AD29<>"",AD29,IF(AC29<>"",AC29,""))) | AP29: =IF(AO29="","",IF(AD29<>"","Reported reach","Impressions (proxy)")) | AQ29: =IF(OR(AO29="",N(S29)=0),"",AO29/S29) | AR29: =IF(A29="","",IF(COUNT(AF29:AJ29)=0,"",SUM(AF29:AJ29))) | AS29: =IF(OR(AR29="",N(AO29)=0),"",AR29/AO29) | AT29: =IF(OR(AR29="",N(AC29)=0),"",AR29/AC29) | AU29: =IF(OR(AR29="",N(S29)=0),"",AR29/S29) | AV29: =IF(OR(AJ29="",N(AC29)=0),"",AJ29/AC29) | AW29: =IF(OR(AH29="",N(AO29)=0),"",AH29/AO29) | AX29: =IF(OR(AR29="",N(AO29)=0),"",(N(AF29)*Settings!$B$6+N(AG29)*Settings!$B$7+N(AH29)*Settings!$B$8+N(AI29)*Settings!$B$9+N(AJ29)*Settings!$B$10)/AO29*1000) | AY29: =IF(AS29="","",IFERROR(AS29/AVERAGEIFS('Post Tracker'!$AS$5:$AS$1004,'Post Tracker'!$G$5:$G$1004,G29),"")) | BD29: =IF(A29="","",COUNTIFS('Demo Pipeline'!$Q$5:$Q$504,A29)) | BE29: =IF(A29="","",COUNTIFS('Demo Pipeline'!$Q$5:$Q$504,A29,'Demo Pipeline'!$W$5:$W$504,"Attended")) | BF29: =IF(A29="","",COUNTIFS('Demo Pipeline'!$Q$5:$Q$504,A29,'Demo Pipeline'!$X$5:$X$504,"Yes")) | BG29: =IF(A29="","",COUNTIFS('Demo Pipeline'!$Q$5:$Q$504,A29,'Demo Pipeline'!$Y$5:$Y$504,"Closed Won")) | BH29: =IF(A29="","",SUMIFS('Demo Pipeline'!$Z$5:$Z$504,'Demo Pipeline'!$Q$5:$Q$504,A29)) | BI29: =IF(OR(AZ29="",N(AJ29)=0),"",AZ29/AJ29) | BJ29: =IF(OR(BB29="",N(AZ29)=0),"",BB29/AZ29) | BK29: =IF(OR(A29="",N(BB29)=0),"",BD29/BB29) | BL29: =IF(OR(A29="",N(AZ29)=0),"",BD29/AZ29) | BM29: =IF(OR(N(Q29)=0,N(BD29)=0),"",Q29/BD29) | BP29: =IF(OR(AR29="",N(AO29)=0),"",AR29) | BQ29: =IF(OR(AR29="",N(S29)=0),"",S29) | BR29: =IF(AND(ISNUMBER(B29),B29>=Dashboard!$C$4,B29<=Dashboard!$F$4,ISNUMBER(AU29)),AU29+ROW()/10^9,"") | BS29: =IF(AND(ISNUMBER(B29),B29>=Dashboard!$C$4,B29<=Dashboard!$F$4,A29<>""),N(BD29)+N(AU29)/100+ROW()/10^9,"")
... A1004: =IF(OR(B1004="",G1004="",H1004=""),"",IFERROR(INDEX(Settings!$E$5:$E$49,MATCH(G1004,Settings!$D$5:$D$49,0))&INDEX(Settings!$H$5:$H$47,MATCH(H1004,Settings!$G$5:$G$47,0))&"-"&TEXT(B1004,"yymmdd")&"-"&IF(C1004="","0000",TEXT(C1004,"hhmm")),"CHECK LISTS")) | D1004: =IF(B1004="","",TEXT(B1004,"ddd")) | E1004: =IF(B1004="","",B1004-WEEKDAY(B1004,3)) | F1004: =IF(B1004="","",TEXT(B1004,"yyyy-mm")) | V1004: =IF(A1004="","",IFERROR(INDEX(Settings!$F$5:$F$49,MATCH(G1004,Settings!$D$5:$D$49,0)),"")) | W1004: =IF(A1004="","",IF(OR(P1004="",P1004="Organic"),"social","paid_social")) | X1004: =IF(A1004="","",IF(K1004<>"",IFERROR(INDEX('Case Studies'!$C$5:$C$54,MATCH(K1004,'Case Studies'!$B$5:$B$54,0))&"","case-study"),IF(J1004<>"",IFERROR(INDEX(Settings!$J$5:$J$55,MATCH(J1004,Settings!$I$5:$I$55,0)),"general"),"general"))) | Y1004: =IF(A1004="","",LOWER(A1004)) | Z1004: =IF(A1004="","",IF(T1004="",Settings!$B$5,T1004)&IF(ISNUMBER(FIND("?",IF(T1004="",Settings!$B$5,T1004))),"&","?")&"utm_source="&V1004&"&utm_medium="&W1004&"&utm_campaign="&X1004&"&utm_content="&Y1004) | AO1004: =IF(A1004="","",IF(AD1004<>"",AD1004,IF(AC1004<>"",AC1004,""))) | AP1004: =IF(AO1004="","",IF(AD1004<>"","Reported reach","Impressions (proxy)")) | AQ1004: =IF(OR(AO1004="",N(S1004)=0),"",AO1004/S1004) | AR1004: =IF(A1004="","",IF(COUNT(AF1004:AJ1004)=0,"",SUM(AF1004:AJ1004))) | AS1004: =IF(OR(AR1004="",N(AO1004)=0),"",AR1004/AO1004) | AT1004: =IF(OR(AR1004="",N(AC1004)=0),"",AR1004/AC1004) | AU1004: =IF(OR(AR1004="",N(S1004)=0),"",AR1004/S1004) | AV1004: =IF(OR(AJ1004="",N(AC1004)=0),"",AJ1004/AC1004) | AW1004: =IF(OR(AH1004="",N(AO1004)=0),"",AH1004/AO1004) | AX1004: =IF(OR(AR1004="",N(AO1004)=0),"",(N(AF1004)*Settings!$B$6+N(AG1004)*Settings!$B$7+N(AH1004)*Settings!$B$8+N(AI1004)*Settings!$B$9+N(AJ1004)*Settings!$B$10)/AO1004*1000) | AY1004: =IF(AS1004="","",IFERROR(AS1004/AVERAGEIFS('Post Tracker'!$AS$5:$AS$1004,'Post Tracker'!$G$5:$G$1004,G1004),"")) | BD1004: =IF(A1004="","",COUNTIFS('Demo Pipeline'!$Q$5:$Q$504,A1004)) | BE1004: =IF(A1004="","",COUNTIFS('Demo Pipeline'!$Q$5:$Q$504,A1004,'Demo Pipeline'!$W$5:$W$504,"Attended")) | BF1004: =IF(A1004="","",COUNTIFS('Demo Pipeline'!$Q$5:$Q$504,A1004,'Demo Pipeline'!$X$5:$X$504,"Yes")) | BG1004: =IF(A1004="","",COUNTIFS('Demo Pipeline'!$Q$5:$Q$504,A1004,'Demo Pipeline'!$Y$5:$Y$504,"Closed Won")) | BH1004: =IF(A1004="","",SUMIFS('Demo Pipeline'!$Z$5:$Z$504,'Demo Pipeline'!$Q$5:$Q$504,A1004)) | BI1004: =IF(OR(AZ1004="",N(AJ1004)=0),"",AZ1004/AJ1004) | BJ1004: =IF(OR(BB1004="",N(AZ1004)=0),"",BB1004/AZ1004) | BK1004: =IF(OR(A1004="",N(BB1004)=0),"",BD1004/BB1004) | BL1004: =IF(OR(A1004="",N(AZ1004)=0),"",BD1004/AZ1004) | BM1004: =IF(OR(N(Q1004)=0,N(BD1004)=0),"",Q1004/BD1004) | BP1004: =IF(OR(AR1004="",N(AO1004)=0),"",AR1004) | BQ1004: =IF(OR(AR1004="",N(S1004)=0),"",S1004) | BR1004: =IF(AND(ISNUMBER(B1004),B1004>=Dashboard!$C$4,B1004<=Dashboard!$F$4,ISNUMBER(AU1004)),AU1004+ROW()/10^9,"") | BS1004: =IF(AND(ISNUMBER(B1004),B1004>=Dashboard!$C$4,B1004<=Dashboard!$F$4,A1004<>""),N(BD1004)+N(AU1004)/100+ROW()/10^9,"")

Sheet Demo Pipeline
A1: Demo Pipeline — one row per demo booked (all sources, not only social)
A2: Copy the utm_* values from the demo form's hidden fields / CRM. No UTM? Put the Post ID in 'Manual Post ID' if the lead told you which post.
A4: Booking # | B4: Date Booked | C4: Contact Name | D4: Role / Persona | E4: Imaging Center / Organization | F4: City | G4: State | H4: # of Locations | I4: Modalities (MRI, CT, X-ray…) | J4: Lead Source (Channel) | K4: utm_source | L4: utm_medium | M4: utm_campaign | N4: utm_content | O4: How Did You Hear About Us? (self-reported) | P4: Manual Post ID (if no UTM) | Q4: Attributed Post ID | R4: Attribution Type | S4: Post Platform | T4: Post Case Study | U4: Days: Post → Booking | V4: Demo Date | W4: Demo Status | X4: Qualified? | Y4: Deal Stage | Z4: Est. Deal Value ($) | AA4: CRM Record Link | AB4: Notes
A5: =IF(B5="","",ROW()-4) | Q5: =IF(N5<>"",UPPER(TRIM(N5)),IF(P5<>"",UPPER(TRIM(P5)),"")) | R5: =IF(B5="","",IF(N5<>"","UTM tracked",IF(P5<>"","Manual / self-reported",IF(O5<>"","Self-reported channel only","Unattributed")))) | S5: =IF(Q5="","",IFERROR(INDEX('Post Tracker'!$G$5:$G$1004,MATCH(Q5,'Post Tracker'!$A$5:$A$1004,0)),"ID NOT FOUND")) | T5: =IF(Q5="","",IFERROR(INDEX('Post Tracker'!$K$5:$K$1004,MATCH(Q5,'Post Tracker'!$A$5:$A$1004,0))&"","")) | U5: =IF(OR(Q5="",B5=""),"",IFERROR(B5-INDEX('Post Tracker'!$B$5:$B$1004,MATCH(Q5,'Post Tracker'!$A$5:$A$1004,0)),""))
A6: =IF(B6="","",ROW()-4) | Q6: =IF(N6<>"",UPPER(TRIM(N6)),IF(P6<>"",UPPER(TRIM(P6)),"")) | R6: =IF(B6="","",IF(N6<>"","UTM tracked",IF(P6<>"","Manual / self-reported",IF(O6<>"","Self-reported channel only","Unattributed")))) | S6: =IF(Q6="","",IFERROR(INDEX('Post Tracker'!$G$5:$G$1004,MATCH(Q6,'Post Tracker'!$A$5:$A$1004,0)),"ID NOT FOUND")) | T6: =IF(Q6="","",IFERROR(INDEX('Post Tracker'!$K$5:$K$1004,MATCH(Q6,'Post Tracker'!$A$5:$A$1004,0))&"","")) | U6: =IF(OR(Q6="",B6=""),"",IFERROR(B6-INDEX('Post Tracker'!$B$5:$B$1004,MATCH(Q6,'Post Tracker'!$A$5:$A$1004,0)),""))
A7: =IF(B7="","",ROW()-4) | Q7: =IF(N7<>"",UPPER(TRIM(N7)),IF(P7<>"",UPPER(TRIM(P7)),"")) | R7: =IF(B7="","",IF(N7<>"","UTM tracked",IF(P7<>"","Manual / self-reported",IF(O7<>"","Self-reported channel only","Unattributed")))) | S7: =IF(Q7="","",IFERROR(INDEX('Post Tracker'!$G$5:$G$1004,MATCH(Q7,'Post Tracker'!$A$5:$A$1004,0)),"ID NOT FOUND")) | T7: =IF(Q7="","",IFERROR(INDEX('Post Tracker'!$K$5:$K$1004,MATCH(Q7,'Post Tracker'!$A$5:$A$1004,0))&"","")) | U7: =IF(OR(Q7="",B7=""),"",IFERROR(B7-INDEX('Post Tracker'!$B$5:$B$1004,MATCH(Q7,'Post Tracker'!$A$5:$A$1004,0)),""))
A8: =IF(B8="","",ROW()-4) | Q8: =IF(N8<>"",UPPER(TRIM(N8)),IF(P8<>"",UPPER(TRIM(P8)),"")) | R8: =IF(B8="","",IF(N8<>"","UTM tracked",IF(P8<>"","Manual / self-reported",IF(O8<>"","Self-reported channel only","Unattributed")))) | S8: =IF(Q8="","",IFERROR(INDEX('Post Tracker'!$G$5:$G$1004,MATCH(Q8,'Post Tracker'!$A$5:$A$1004,0)),"ID NOT FOUND")) | T8: =IF(Q8="","",IFERROR(INDEX('Post Tracker'!$K$5:$K$1004,MATCH(Q8,'Post Tracker'!$A$5:$A$1004,0))&"","")) | U8: =IF(OR(Q8="",B8=""),"",IFERROR(B8-INDEX('Post Tracker'!$B$5:$B$1004,MATCH(Q8,'Post Tracker'!$A$5:$A$1004,0)),""))
A9: =IF(B9="","",ROW()-4) | Q9: =IF(N9<>"",UPPER(TRIM(N9)),IF(P9<>"",UPPER(TRIM(P9)),"")) | R9: =IF(B9="","",IF(N9<>"","UTM tracked",IF(P9<>"","Manual / self-reported",IF(O9<>"","Self-reported channel only","Unattributed")))) | S9: =IF(Q9="","",IFERROR(INDEX('Post Tracker'!$G$5:$G$1004,MATCH(Q9,'Post Tracker'!$A$5:$A$1004,0)),"ID NOT FOUND")) | T9: =IF(Q9="","",IFERROR(INDEX('Post Tracker'!$K$5:$K$1004,MATCH(Q9,'Post Tracker'!$A$5:$A$1004,0))&"","")) | U9: =IF(OR(Q9="",B9=""),"",IFERROR(B9-INDEX('Post Tracker'!$B$5:$B$1004,MATCH(Q9,'Post Tracker'!$A$5:$A$1004,0)),""))
A10: =IF(B10="","",ROW()-4) | Q10: =IF(N10<>"",UPPER(TRIM(N10)),IF(P10<>"",UPPER(TRIM(P10)),"")) | R10: =IF(B10="","",IF(N10<>"","UTM tracked",IF(P10<>"","Manual / self-reported",IF(O10<>"","Self-reported channel only","Unattributed")))) | S10: =IF(Q10="","",IFERROR(INDEX('Post Tracker'!$G$5:$G$1004,MATCH(Q10,'Post Tracker'!$A$5:$A$1004,0)),"ID NOT FOUND")) | T10: =IF(Q10="","",IFERROR(INDEX('Post Tracker'!$K$5:$K$1004,MATCH(Q10,'Post Tracker'!$A$5:$A$1004,0))&"","")) | U10: =IF(OR(Q10="",B10=""),"",IFERROR(B10-INDEX('Post Tracker'!$B$5:$B$1004,MATCH(Q10,'Post Tracker'!$A$5:$A$1004,0)),""))
A11: =IF(B11="","",ROW()-4) | Q11: =IF(N11<>"",UPPER(TRIM(N11)),IF(P11<>"",UPPER(TRIM(P11)),"")) | R11: =IF(B11="","",IF(N11<>"","UTM tracked",IF(P11<>"","Manual / self-reported",IF(O11<>"","Self-reported channel only","Unattributed")))) | S11: =IF(Q11="","",IFERROR(INDEX('Post Tracker'!$G$5:$G$1004,MATCH(Q11,'Post Tracker'!$A$5:$A$1004,0)),"ID NOT FOUND")) | T11: =IF(Q11="","",IFERROR(INDEX('Post Tracker'!$K$5:$K$1004,MATCH(Q11,'Post Tracker'!$A$5:$A$1004,0))&"","")) | U11: =IF(OR(Q11="",B11=""),"",IFERROR(B11-INDEX('Post Tracker'!$B$5:$B$1004,MATCH(Q11,'Post Tracker'!$A$5:$A$1004,0)),""))
A12: =IF(B12="","",ROW()-4) | Q12: =IF(N12<>"",UPPER(TRIM(N12)),IF(P12<>"",UPPER(TRIM(P12)),"")) | R12: =IF(B12="","",IF(N12<>"","UTM tracked",IF(P12<>"","Manual / self-reported",IF(O12<>"","Self-reported channel only","Unattributed")))) | S12: =IF(Q12="","",IFERROR(INDEX('Post Tracker'!$G$5:$G$1004,MATCH(Q12,'Post Tracker'!$A$5:$A$1004,0)),"ID NOT FOUND")) | T12: =IF(Q12="","",IFERROR(INDEX('Post Tracker'!$K$5:$K$1004,MATCH(Q12,'Post Tracker'!$A$5:$A$1004,0))&"","")) | U12: =IF(OR(Q12="",B12=""),"",IFERROR(B12-INDEX('Post Tracker'!$B$5:$B$1004,MATCH(Q12,'Post Tracker'!$A$5:$A$1004,0)),""))
A13: =IF(B13="","",ROW()-4) | Q13: =IF(N13<>"",UPPER(TRIM(N13)),IF(P13<>"",UPPER(TRIM(P13)),"")) | R13: =IF(B13="","",IF(N13<>"","UTM tracked",IF(P13<>"","Manual / self-reported",IF(O13<>"","Self-reported channel only","Unattributed")))) | S13: =IF(Q13="","",IFERROR(INDEX('Post Tracker'!$G$5:$G$1004,MATCH(Q13,'Post Tracker'!$A$5:$A$1004,0)),"ID NOT FOUND")) | T13: =IF(Q13="","",IFERROR(INDEX('Post Tracker'!$K$5:$K$1004,MATCH(Q13,'Post Tracker'!$A$5:$A$1004,0))&"","")) | U13: =IF(OR(Q13="",B13=""),"",IFERROR(B13-INDEX('Post Tracker'!$B$5:$B$1004,MATCH(Q13,'Post Tracker'!$A$5:$A$1004,0)),""))
A14: =IF(B14="","",ROW()-4) | Q14: =IF(N14<>"",UPPER(TRIM(N14)),IF(P14<>"",UPPER(TRIM(P14)),"")) | R14: =IF(B14="","",IF(N14<>"","UTM tracked",IF(P14<>"","Manual / self-reported",IF(O14<>"","Self-reported channel only","Unattributed")))) | S14: =IF(Q14="","",IFERROR(INDEX('Post Tracker'!$G$5:$G$1004,MATCH(Q14,'Post Tracker'!$A$5:$A$1004,0)),"ID NOT FOUND")) | T14: =IF(Q14="","",IFERROR(INDEX('Post Tracker'!$K$5:$K$1004,MATCH(Q14,'Post Tracker'!$A$5:$A$1004,0))&"","")) | U14: =IF(OR(Q14="",B14=""),"",IFERROR(B14-INDEX('Post Tracker'!$B$5:$B$1004,MATCH(Q14,'Post Tracker'!$A$5:$A$1004,0)),""))
A15: =IF(B15="","",ROW()-4) | Q15: =IF(N15<>"",UPPER(TRIM(N15)),IF(P15<>"",UPPER(TRIM(P15)),"")) | R15: =IF(B15="","",IF(N15<>"","UTM tracked",IF(P15<>"","Manual / self-reported",IF(O15<>"","Self-reported channel only","Unattributed")))) | S15: =IF(Q15="","",IFERROR(INDEX('Post Tracker'!$G$5:$G$1004,MATCH(Q15,'Post Tracker'!$A$5:$A$1004,0)),"ID NOT FOUND")) | T15: =IF(Q15="","",IFERROR(INDEX('Post Tracker'!$K$5:$K$1004,MATCH(Q15,'Post Tracker'!$A$5:$A$1004,0))&"","")) | U15: =IF(OR(Q15="",B15=""),"",IFERROR(B15-INDEX('Post Tracker'!$B$5:$B$1004,MATCH(Q15,'Post Tracker'!$A$5:$A$1004,0)),""))
A16: =IF(B16="","",ROW()-4) | Q16: =IF(N16<>"",UPPER(TRIM(N16)),IF(P16<>"",UPPER(TRIM(P16)),"")) | R16: =IF(B16="","",IF(N16<>"","UTM tracked",IF(P16<>"","Manual / self-reported",IF(O16<>"","Self-reported channel only","Unattributed")))) | S16: =IF(Q16="","",IFERROR(INDEX('Post Tracker'!$G$5:$G$1004,MATCH(Q16,'Post Tracker'!$A$5:$A$1004,0)),"ID NOT FOUND")) | T16: =IF(Q16="","",IFERROR(INDEX('Post Tracker'!$K$5:$K$1004,MATCH(Q16,'Post Tracker'!$A$5:$A$1004,0))&"","")) | U16: =IF(OR(Q16="",B16=""),"",IFERROR(B16-INDEX('Post Tracker'!$B$5:$B$1004,MATCH(Q16,'Post Tracker'!$A$5:$A$1004,0)),""))
... A504: =IF(B504="","",ROW()-4) | Q504: =IF(N504<>"",UPPER(TRIM(N504)),IF(P504<>"",UPPER(TRIM(P504)),"")) | R504: =IF(B504="","",IF(N504<>"","UTM tracked",IF(P504<>"","Manual / self-reported",IF(O504<>"","Self-reported channel only","Unattributed")))) | S504: =IF(Q504="","",IFERROR(INDEX('Post Tracker'!$G$5:$G$1004,MATCH(Q504,'Post Tracker'!$A$5:$A$1004,0)),"ID NOT FOUND")) | T504: =IF(Q504="","",IFERROR(INDEX('Post Tracker'!$K$5:$K$1004,MATCH(Q504,'Post Tracker'!$A$5:$A$1004,0))&"","")) | U504: =IF(OR(Q504="",B504=""),"",IFERROR(B504-INDEX('Post Tracker'!$B$5:$B$1004,MATCH(Q504,'Post Tracker'!$A$5:$A$1004,0)),""))

Sheet Dashboard
A1: Alpha Nodus — Social → Website → Demo Dashboard
A2: Everything below recalculates for the reporting period. Change the two yellow dates to switch periods.
B4: Period from: | C4: 46266 | E4: to: | F4: 46295
B6: Headline numbers for the period
B7: Posts Published | D7: Impressions | F7: Reach (Calc.) | H7: Engagements | J7: Eng. Rate (by Reach) | L7: Eng. Rate (by Followers) | N7: Link Clicks
B8: =COUNTIFS('Post Tracker'!$B$5:$B$1004,">="&$C$4,'Post Tracker'!$B$5:$B$1004,"<="&$F$4) -> 13 | D8: =SUMIFS('Post Tracker'!$AC$5:$AC$1004,'Post Tracker'!$B$5:$B$1004,">="&$C$4,'Post Tracker'!$B$5:$B$1004,"<="&$F$4) -> 82 | F8: =SUMIFS('Post Tracker'!$AO$5:$AO$1004,'Post Tracker'!$B$5:$B$1004,">="&$C$4,'Post Tracker'!$B$5:$B$1004,"<="&$F$4) -> 82 | H8: =SUMIFS('Post Tracker'!$AR$5:$AR$1004,'Post Tracker'!$B$5:$B$1004,">="&$C$4,'Post Tracker'!$B$5:$B$1004,"<="&$F$4) -> 55 | J8: =IFERROR(SUMIFS('Post Tracker'!$BP$5:$BP$1004,'Post Tracker'!$B$5:$B$1004,">="&$C$4,'Post Tracker'!$B$5:$B$1004,"<="&$F$4)/SUMIFS('Post Tracker'!$AO$5:$AO$1004,'Post Tracker'!$B$5:$B$1004,">="&$C$4,'Post Tracker'!$B$5:$B$1004,"<="&$F$4),"") -> 0.024390244 | L8: =IFERROR(SUMIFS('Post Tracker'!$AR$5:$AR$1004,'Post Tracker'!$B$5:$B$1004,">="&$C$4,'Post Tracker'!$B$5:$B$1004,"<="&$F$4)/SUMIFS('Post Tracker'!$BQ$5:$BQ$1004,'Post Tracker'!$B$5:$B$1004,">="&$C$4,'Post Tracker'!$B$5:$B$1004,"<="&$F$4),"") -> 0.0050054605 | N8: =SUMIFS('Post Tracker'!$AJ$5:$AJ$1004,'Post Tracker'!$B$5:$B$1004,">="&$C$4,'Post Tracker'!$B$5:$B$1004,"<="&$F$4) -> 0
B10: Website Sessions | D10: Demo Page Visits | F10: Demos Booked (from posts) | H10: Demos Booked (ALL sources) | J10: % of Demos Traced to a Post | L10: Qualified Demos (from posts) | N10: Pipeline from Posts ($)
B11: =SUMIFS('Post Tracker'!$AZ$5:$AZ$1004,'Post Tracker'!$B$5:$B$1004,">="&$C$4,'Post Tracker'!$B$5:$B$1004,"<="&$F$4) -> 0 | D11: =SUMIFS('Post Tracker'!$BB$5:$BB$1004,'Post Tracker'!$B$5:$B$1004,">="&$C$4,'Post Tracker'!$B$5:$B$1004,"<="&$F$4) -> 0 | F11: =SUMIFS('Post Tracker'!$BD$5:$BD$1004,'Post Tracker'!$B$5:$B$1004,">="&$C$4,'Post Tracker'!$B$5:$B$1004,"<="&$F$4) -> 0 | H11: =COUNTIFS('Demo Pipeline'!$B$5:$B$504,">="&$C$4,'Demo Pipeline'!$B$5:$B$504,"<="&$F$4) -> 0 | J11: =IFERROR(SUMPRODUCT(('Demo Pipeline'!$B$5:$B$504>=$C$4)*('Demo Pipeline'!$B$5:$B$504<=$F$4)*(LEN('Demo Pipeline'!$Q$5:$Q$504)>0))/COUNTIFS('Demo Pipeline'!$B$5:$B$504,">="&$C$4,'Demo Pipeline'!$B$5:$B$504,"<="&$F$4),"") | L11: =SUMIFS('Post Tracker'!$BF$5:$BF$1004,'Post Tracker'!$B$5:$B$1004,">="&$C$4,'Post Tracker'!$B$5:$B$1004,"<="&$F$4) -> 0 | N11: =SUMIFS('Post Tracker'!$BH$5:$BH$1004,'Post Tracker'!$B$5:$B$1004,">="&$C$4,'Post Tracker'!$B$5:$B$1004,"<="&$F$4) -> 0
B13: Ad Spend ($) | D13: Avg Likes / Reactions per Post | F13: Avg Comments per Post | H13: Follower Total (latest week) | J13: Posts Missing Impressions
B14: =SUMIFS('Post Tracker'!$Q$5:$Q$1004,'Post Tracker'!$B$5:$B$1004,">="&$C$4,'Post Tracker'!$B$5:$B$1004,"<="&$F$4) -> 0 | D14: =IFERROR(SUMIFS('Post Tracker'!$AF$5:$AF$1004,'Post Tracker'!$B$5:$B$1004,">="&$C$4,'Post Tracker'!$B$5:$B$1004,"<="&$F$4)/COUNTIFS('Post Tracker'!$B$5:$B$1004,">="&$C$4,'Post Tracker'!$B$5:$B$1004,"<="&$F$4),"") -> 3.8461538 | F14: =IFERROR(SUMIFS('Post Tracker'!$AG$5:$AG$1004,'Post Tracker'!$B$5:$B$1004,">="&$C$4,'Post Tracker'!$B$5:$B$1004,"<="&$F$4)/COUNTIFS('Post Tracker'!$B$5:$B$1004,">="&$C$4,'Post Tracker'!$B$5:$B$1004,"<="&$F$4),"") -> 0.38461538 | H14: =IFERROR(LOOKUP(2,1/('Follower Growth'!$N$5:$N$108<>""),'Follower Growth'!$N$5:$N$108),"") -> 2747 | J14: =COUNTIFS('Post Tracker'!$B$5:$B$1004,">="&$C$4,'Post Tracker'!$B$5:$B$1004,"<="&$F$4,'Post Tracker'!$AC$5:$AC$1004,"") -> 9
B17: Funnel: post → website → demo (period)
B18: Stage | C18: Count | D18: % of Previous Stage | E18: % of Impressions
B19: Impressions | C19: =SUMIFS('Post Tracker'!$AC$5:$AC$1004,'Post Tracker'!$B$5:$B$1004,">="&$C$4,'Post Tracker'!$B$5:$B$1004,"<="&$F$4) -> 82 | E19: =IFERROR(C19/C$19,"") -> 1
B20: Link Clicks | C20: =SUMIFS('Post Tracker'!$AJ$5:$AJ$1004,'Post Tracker'!$B$5:$B$1004,">="&$C$4,'Post Tracker'!$B$5:$B$1004,"<="&$F$4) -> 0 | D20: =IFERROR(C20/C19,"") -> 0 | E20: =IFERROR(C20/C$19,"") -> 0
B21: Website Sessions | C21: =SUMIFS('Post Tracker'!$AZ$5:$AZ$1004,'Post Tracker'!$B$5:$B$1004,">="&$C$4,'Post Tracker'!$B$5:$B$1004,"<="&$F$4) -> 0 | D21: =IFERROR(C21/C20,"") | E21: =IFERROR(C21/C$19,"") -> 0
B22: Demo Page Visits | C22: =SUMIFS('Post Tracker'!$BB$5:$BB$1004,'Post Tracker'!$B$5:$B$1004,">="&$C$4,'Post Tracker'!$B$5:$B$1004,"<="&$F$4) -> 0 | D22: =IFERROR(C22/C21,"") | E22: =IFERROR(C22/C$19,"") -> 0
B23: Demo Form Starts | C23: =SUMIFS('Post Tracker'!$BC$5:$BC$1004,'Post Tracker'!$B$5:$B$1004,">="&$C$4,'Post Tracker'!$B$5:$B$1004,"<="&$F$4) -> 0 | D23: =IFERROR(C23/C22,"") | E23: =IFERROR(C23/C$19,"") -> 0
B24: Demos Booked | C24: =SUMIFS('Post Tracker'!$BD$5:$BD$1004,'Post Tracker'!$B$5:$B$1004,">="&$C$4,'Post Tracker'!$B$5:$B$1004,"<="&$F$4) -> 0 | D24: =IFERROR(C24/C23,"") | E24: =IFERROR(C24/C$19,"") -> 0
B25: Demos Attended | C25: =SUMIFS('Post Tracker'!$BE$5:$BE$1004,'Post Tracker'!$B$5:$B$1004,">="&$C$4,'Post Tracker'!$B$5:$B$1004,"<="&$F$4) -> 0 | D25: =IFERROR(C25/C24,"") | E25: =IFERROR(C25/C$19,"") -> 0
B26: Qualified Demos | C26: =SUMIFS('Post Tracker'!$BF$5:$BF$1004,'Post Tracker'!$B$5:$B$1004,">="&$C$4,'Post Tracker'!$B$5:$B$1004,"<="&$F$4) -> 0 | D26: =IFERROR(C26/C25,"") | E26: =IFERROR(C26/C$19,"") -> 0
B27: Deals Won | C27: =SUMIFS('Post Tracker'!$BG$5:$BG$1004,'Post Tracker'!$B$5:$B$1004,">="&$C$4,'Post Tracker'!$B$5:$B$1004,"<="&$F$4) -> 0 | D27: =IFERROR(C27/C26,"") | E27: =IFERROR(C27/C$19,"") -> 0
B28: Form Starts only fills if you track them in GA4; a 0 there breaks the next % — that's expected.
B30: Top 5 posts by Engagement Rate — by followers (period)
B31: Rank | C31: Post ID | D31: Date | E31: Platform | F31: Topic | G31: Content Pillar | H31: Format | I31: Likes | J31: Comments | K31: Eng. Rate (Followers) | L31: Eng. Rate (Reach) | M31: Demos Booked
B32: 1 | C32: =IF($T32="","",INDEX('Post Tracker'!$A$5:$A$1004,MATCH($T32,'Post Tracker'!$BR$5:$BR$1004,0))&"") -> IGC-260914-1301 | D32: =IF($T32="","",INDEX('Post Tracker'!$B$5:$B$1004,MATCH($T32,'Post Tracker'!$BR$5:$BR$1004,0))) -> 46279 | E32: =IF($T32="","",INDEX('Post Tracker'!$G$5:$G$1004,MATCH($T32,'Post Tracker'!$BR$5:$BR$1004,0))&"") -> Instagram | F32: =IF($T32="","",INDEX('Post Tracker'!$L$5:$L$1004,MATCH($T32,'Post Tracker'!$BR$5:$BR$1004,0))&"") -> Scanners idle a third of the day, next slot 3 weeks out - the queue nobody owns | G32: =IF($T32="","",INDEX('Post Tracker'!$J$5:$J$1004,MATCH($T32,'Post Tracker'!$BR$5:$BR$1004,0))&"") -> Operations Tips (Scheduling, No-shows, Throughput) | H32: =IF($T32="","",INDEX('Post Tracker'!$I$5:$I$1004,MATCH($T32,'Post Tracker'!$BR$5:$BR$1004,0))&"") -> Single Image | I32: =IF($T32="","",INDEX('Post Tracker'!$AF$5:$AF$1004,MATCH($T32,'Post Tracker'!$BR$5:$BR$1004,0))) -> 8 | J32: =IF($T32="","",INDEX('Post Tracker'!$AG$5:$AG$1004,MATCH($T32,'Post Tracker'!$BR$5:$BR$1004,0))) -> 0 | K32: =IF($T32="","",INDEX('Post Tracker'!$AU$5:$AU$1004,MATCH($T32,'Post Tracker'!$BR$5:$BR$1004,0))) -> 0.13114754 | L32: =IF($T32="","",INDEX('Post Tracker'!$AS$5:$AS$1004,MATCH($T32,'Post Tracker'!$BR$5:$BR$1004,0))) | M32: =IF($T32="","",INDEX('Post Tracker'!$BD$5:$BD$1004,MATCH($T32,'Post Tracker'!$BR$5:$BR$1004,0))) -> 0 | T32: =IFERROR(LARGE('Post Tracker'!$BR$5:$BR$1004,1),"") -> 0.13114755
B33: 2 | C33: =IF($T33="","",INDEX('Post Tracker'!$A$5:$A$1004,MATCH($T33,'Post Tracker'!$BR$5:$BR$1004,0))&"") -> IGC-260918-1418 | D33: =IF($T33="","",INDEX('Post Tracker'!$B$5:$B$1004,MATCH($T33,'Post Tracker'!$BR$5:$BR$1004,0))) -> 46283 | E33: =IF($T33="","",INDEX('Post Tracker'!$G$5:$G$1004,MATCH($T33,'Post Tracker'!$BR$5:$BR$1004,0))&"") -> Instagram | F33: =IF($T33="","",INDEX('Post Tracker'!$L$5:$L$1004,MATCH($T33,'Post Tracker'!$BR$5:$BR$1004,0))&"") -> An order arrives with one field missing - when does it get flagged? | G33: =IF($T33="","",INDEX('Post Tracker'!$J$5:$J$1004,MATCH($T33,'Post Tracker'!$BR$5:$BR$1004,0))&"") -> Revenue Cycle & Denials | H33: =IF($T33="","",INDEX('Post Tracker'!$I$5:$I$1004,MATCH($T33,'Post Tracker'!$BR$5:$BR$1004,0))&"") -> Carousel / Document (PDF) | I33: =IF($T33="","",INDEX('Post Tracker'!$AF$5:$AF$1004,MATCH($T33,'Post Tracker'!$BR$5:$BR$1004,0))) -> 7 | J33: =IF($T33="","",INDEX('Post Tracker'!$AG$5:$AG$1004,MATCH($T33,'Post Tracker'!$BR$5:$BR$1004,0))) -> 0 | K33: =IF($T33="","",INDEX('Post Tracker'!$AU$5:$AU$1004,MATCH($T33,'Post Tracker'!$BR$5:$BR$1004,0))) -> 0.1147541 | L33: =IF($T33="","",INDEX('Post Tracker'!$AS$5:$AS$1004,MATCH($T33,'Post Tracker'!$BR$5:$BR$1004,0))) | M33: =IF($T33="","",INDEX('Post Tracker'!$BD$5:$BD$1004,MATCH($T33,'Post Tracker'!$BR$5:$BR$1004,0))) -> 0 | T33: =IFERROR(LARGE('Post Tracker'!$BR$5:$BR$1004,2),"") -> 0.11475411
B34: 3 | C34: =IF($T34="","",INDEX('Post Tracker'!$A$5:$A$1004,MATCH($T34,'Post Tracker'!$BR$5:$BR$1004,0))&"") -> IGC-260911-1147 | D34: =IF($T34="","",INDEX('Post Tracker'!$B$5:$B$1004,MATCH($T34,'Post Tracker'!$BR$5:$BR$1004,0))) -> 46276 | E34: =IF($T34="","",INDEX('Post Tracker'!$G$5:$G$1004,MATCH($T34,'Post Tracker'!$BR$5:$BR$1004,0))&"") -> Instagram | F34: =IF($T34="","",INDEX('Post Tracker'!$L$5:$L$1004,MATCH($T34,'Post Tracker'!$BR$5:$BR$1004,0))&"") -> Is your imaging center still running on fax, phones and payer portals? (3-min Gravity AI explainer video) | G34: =IF($T34="","",INDEX('Post Tracker'!$J$5:$J$1004,MATCH($T34,'Post Tracker'!$BR$5:$BR$1004,0))&"") -> Product Demo / Feature | H34: =IF($T34="","",INDEX('Post Tracker'!$I$5:$I$1004,MATCH($T34,'Post Tracker'!$BR$5:$BR$1004,0))&"") -> Short Video / Reel | I34: =IF($T34="","",INDEX('Post Tracker'!$AF$5:$AF$1004,MATCH($T34,'Post Tracker'!$BR$5:$BR$1004,0))) -> 7 | J34: =IF($T34="","",INDEX('Post Tracker'!$AG$5:$AG$1004,MATCH($T34,'Post Tracker'!$BR$5:$BR$1004,0))) -> 0 | K34: =IF($T34="","",INDEX('Post Tracker'!$AU$5:$AU$1004,MATCH($T34,'Post Tracker'!$BR$5:$BR$1004,0))) -> 0.1147541 | L34: =IF($T34="","",INDEX('Post Tracker'!$AS$5:$AS$1004,MATCH($T34,'Post Tracker'!$BR$5:$BR$1004,0))) | M34: =IF($T34="","",INDEX('Post Tracker'!$BD$5:$BD$1004,MATCH($T34,'Post Tracker'!$BR$5:$BR$1004,0))) -> 0 | T34: =IFERROR(LARGE('Post Tracker'!$BR$5:$BR$1004,3),"") -> 0.11475411
B35: 4 | C35: =IF($T35="","",INDEX('Post Tracker'!$A$5:$A$1004,MATCH($T35,'Post Tracker'!$BR$5:$BR$1004,0))&"") -> IGC-260923-1910 | D35: =IF($T35="","",INDEX('Post Tracker'!$B$5:$B$1004,MATCH($T35,'Post Tracker'!$BR$5:$BR$1004,0))) -> 46288 | E35: =IF($T35="","",INDEX('Post Tracker'!$G$5:$G$1004,MATCH($T35,'Post Tracker'!$BR$5:$BR$1004,0))&"") -> Instagram | F35: =IF($T35="","",INDEX('Post Tracker'!$L$5:$L$1004,MATCH($T35,'Post Tracker'!$BR$5:$BR$1004,0))&"") -> An imaging order arrives by fax: 4 manual handoffs before it's billable | G35: =IF($T35="","",INDEX('Post Tracker'!$J$5:$J$1004,MATCH($T35,'Post Tracker'!$BR$5:$BR$1004,0))&"") -> Revenue Cycle & Denials | H35: =IF($T35="","",INDEX('Post Tracker'!$I$5:$I$1004,MATCH($T35,'Post Tracker'!$BR$5:$BR$1004,0))&"") -> Single Image | I35: =IF($T35="","",INDEX('Post Tracker'!$AF$5:$AF$1004,MATCH($T35,'Post Tracker'!$BR$5:$BR$1004,0))) -> 2 | J35: =IF($T35="","",INDEX('Post Tracker'!$AG$5:$AG$1004,MATCH($T35,'Post Tracker'!$BR$5:$BR$1004,0))) -> 0 | K35: =IF($T35="","",INDEX('Post Tracker'!$AU$5:$AU$1004,MATCH($T35,'Post Tracker'!$BR$5:$BR$1004,0))) -> 0.032786885 | L35: =IF($T35="","",INDEX('Post Tracker'!$AS$5:$AS$1004,MATCH($T35,'Post Tracker'!$BR$5:$BR$1004,0))) | M35: =IF($T35="","",INDEX('Post Tracker'!$BD$5:$BD$1004,MATCH($T35,'Post Tracker'!$BR$5:$BR$1004,0))) -> 0 | T35: =IFERROR(LARGE('Post Tracker'!$BR$5:$BR$1004,4),"") -> 0.032786898
B36: 5 | C36: =IF($T36="","",INDEX('Post Tracker'!$A$5:$A$1004,MATCH($T36,'Post Tracker'!$BR$5:$BR$1004,0))&"") -> XC-260923-2019 | D36: =IF($T36="","",INDEX('Post Tracker'!$B$5:$B$1004,MATCH($T36,'Post Tracker'!$BR$5:$BR$1004,0))) -> 46288 | E36: =IF($T36="","",INDEX('Post Tracker'!$G$5:$G$1004,MATCH($T36,'Post Tracker'!$BR$5:$BR$1004,0))&"") -> X | F36: =IF($T36="","",INDEX('Post Tracker'!$L$5:$L$1004,MATCH($T36,'Post Tracker'!$BR$5:$BR$1004,0))&"") -> An imaging order arrives by fax: 4 manual handoffs before it's billable | G36: =IF($T36="","",INDEX('Post Tracker'!$J$5:$J$1004,MATCH($T36,'Post Tracker'!$BR$5:$BR$1004,0))&"") -> Revenue Cycle & Denials | H36: =IF($T36="","",INDEX('Post Tracker'!$I$5:$I$1004,MATCH($T36,'Post Tracker'!$BR$5:$BR$1004,0))&"") -> Single Image | I36: =IF($T36="","",INDEX('Post Tracker'!$AF$5:$AF$1004,MATCH($T36,'Post Tracker'!$BR$5:$BR$1004,0))) -> 0 | J36: =IF($T36="","",INDEX('Post Tracker'!$AG$5:$AG$1004,MATCH($T36,'Post Tracker'!$BR$5:$BR$1004,0))) -> 1 | K36: =IF($T36="","",INDEX('Post Tracker'!$AU$5:$AU$1004,MATCH($T36,'Post Tracker'!$BR$5:$BR$1004,0))) -> 0.02173913 | L36: =IF($T36="","",INDEX('Post Tracker'!$AS$5:$AS$1004,MATCH($T36,'Post Tracker'!$BR$5:$BR$1004,0))) -> 0.076923077 | M36: =IF($T36="","",INDEX('Post Tracker'!$BD$5:$BD$1004,MATCH($T36,'Post Tracker'!$BR$5:$BR$1004,0))) -> 0 | T36: =IFERROR(LARGE('Post Tracker'!$BR$5:$BR$1004,5),"") -> 0.021739147
B38: Top 5 posts by Demos Booked (period)
B39: Rank | C39: Post ID | D39: Date | E39: Platform | F39: Topic | G39: Content Pillar | H39: Format | I39: Likes | J39: Comments | K39: Eng. Rate (Followers) | L39: Eng. Rate (Reach) | M39: Demos Booked
B40: 1 | C40: =IF($T40="","",INDEX('Post Tracker'!$A$5:$A$1004,MATCH($T40,'Post Tracker'!$BS$5:$BS$1004,0))&"") -> IGC-260914-1301 | D40: =IF($T40="","",INDEX('Post Tracker'!$B$5:$B$1004,MATCH($T40,'Post Tracker'!$BS$5:$BS$1004,0))) -> 46279 | E40: =IF($T40="","",INDEX('Post Tracker'!$G$5:$G$1004,MATCH($T40,'Post Tracker'!$BS$5:$BS$1004,0))&"") -> Instagram | F40: =IF($T40="","",INDEX('Post Tracker'!$L$5:$L$1004,MATCH($T40,'Post Tracker'!$BS$5:$BS$1004,0))&"") -> Scanners idle a third of the day, next slot 3 weeks out - the queue nobody owns | G40: =IF($T40="","",INDEX('Post Tracker'!$J$5:$J$1004,MATCH($T40,'Post Tracker'!$BS$5:$BS$1004,0))&"") -> Operations Tips (Scheduling, No-shows, Throughput) | H40: =IF($T40="","",INDEX('Post Tracker'!$I$5:$I$1004,MATCH($T40,'Post Tracker'!$BS$5:$BS$1004,0))&"") -> Single Image | I40: =IF($T40="","",INDEX('Post Tracker'!$AF$5:$AF$1004,MATCH($T40,'Post Tracker'!$BS$5:$BS$1004,0))) -> 8 | J40: =IF($T40="","",INDEX('Post Tracker'!$AG$5:$AG$1004,MATCH($T40,'Post Tracker'!$BS$5:$BS$1004,0))) -> 0 | K40: =IF($T40="","",INDEX('Post Tracker'!$AU$5:$AU$1004,MATCH($T40,'Post Tracker'!$BS$5:$BS$1004,0))) -> 0.13114754 | L40: =IF($T40="","",INDEX('Post Tracker'!$AS$5:$AS$1004,MATCH($T40,'Post Tracker'!$BS$5:$BS$1004,0))) | M40: =IF($T40="","",INDEX('Post Tracker'!$BD$5:$BD$1004,MATCH($T40,'Post Tracker'!$BS$5:$BS$1004,0))) -> 0 | T40: =IFERROR(LARGE('Post Tracker'!$BS$5:$BS$1004,1),"") -> 0.0013114864
B41: 2 | C41: =IF($T41="","",INDEX('Post Tracker'!$A$5:$A$1004,MATCH($T41,'Post Tracker'!$BS$5:$BS$1004,0))&"") -> IGC-260918-1418 | D41: =IF($T41="","",INDEX('Post Tracker'!$B$5:$B$1004,MATCH($T41,'Post Tracker'!$BS$5:$BS$1004,0))) -> 46283 | E41: =IF($T41="","",INDEX('Post Tracker'!$G$5:$G$1004,MATCH($T41,'Post Tracker'!$BS$5:$BS$1004,0))&"") -> Instagram | F41: =IF($T41="","",INDEX('Post Tracker'!$L$5:$L$1004,MATCH($T41,'Post Tracker'!$BS$5:$BS$1004,0))&"") -> An order arrives with one field missing - when does it get flagged? | G41: =IF($T41="","",INDEX('Post Tracker'!$J$5:$J$1004,MATCH($T41,'Post Tracker'!$BS$5:$BS$1004,0))&"") -> Revenue Cycle & Denials | H41: =IF($T41="","",INDEX('Post Tracker'!$I$5:$I$1004,MATCH($T41,'Post Tracker'!$BS$5:$BS$1004,0))&"") -> Carousel / Document (PDF) | I41: =IF($T41="","",INDEX('Post Tracker'!$AF$5:$AF$1004,MATCH($T41,'Post Tracker'!$BS$5:$BS$1004,0))) -> 7 | J41: =IF($T41="","",INDEX('Post Tracker'!$AG$5:$AG$1004,MATCH($T41,'Post Tracker'!$BS$5:$BS$1004,0))) -> 0 | K41: =IF($T41="","",INDEX('Post Tracker'!$AU$5:$AU$1004,MATCH($T41,'Post Tracker'!$BS$5:$BS$1004,0))) -> 0.1147541 | L41: =IF($T41="","",INDEX('Post Tracker'!$AS$5:$AS$1004,MATCH($T41,'Post Tracker'!$BS$5:$BS$1004,0))) | M41: =IF($T41="","",INDEX('Post Tracker'!$BD$5:$BD$1004,MATCH($T41,'Post Tracker'!$BS$5:$BS$1004,0))) -> 0 | T41: =IFERROR(LARGE('Post Tracker'!$BS$5:$BS$1004,2),"") -> 0.001147553
B42: 3 | C42: =IF($T42="","",INDEX('Post Tracker'!$A$5:$A$1004,MATCH($T42,'Post Tracker'!$BS$5:$BS$1004,0))&"") -> IGC-260911-1147 | D42: =IF($T42="","",INDEX('Post Tracker'!$B$5:$B$1004,MATCH($T42,'Post Tracker'!$BS$5:$BS$1004,0))) -> 46276 | E42: =IF($T42="","",INDEX('Post Tracker'!$G$5:$G$1004,MATCH($T42,'Post Tracker'!$BS$5:$BS$1004,0))&"") -> Instagram | F42: =IF($T42="","",INDEX('Post Tracker'!$L$5:$L$1004,MATCH($T42,'Post Tracker'!$BS$5:$BS$1004,0))&"") -> Is your imaging center still running on fax, phones and payer portals? (3-min Gravity AI explainer video) | G42: =IF($T42="","",INDEX('Post Tracker'!$J$5:$J$1004,MATCH($T42,'Post Tracker'!$BS$5:$BS$1004,0))&"") -> Product Demo / Feature | H42: =IF($T42="","",INDEX('Post Tracker'!$I$5:$I$1004,MATCH($T42,'Post Tracker'!$BS$5:$BS$1004,0))&"") -> Short Video / Reel | I42: =IF($T42="","",INDEX('Post Tracker'!$AF$5:$AF$1004,MATCH($T42,'Post Tracker'!$BS$5:$BS$1004,0))) -> 7 | J42: =IF($T42="","",INDEX('Post Tracker'!$AG$5:$AG$1004,MATCH($T42,'Post Tracker'!$BS$5:$BS$1004,0))) -> 0 | K42: =IF($T42="","",INDEX('Post Tracker'!$AU$5:$AU$1004,MATCH($T42,'Post Tracker'!$BS$5:$BS$1004,0))) -> 0.1147541 | L42: =IF($T42="","",INDEX('Post Tracker'!$AS$5:$AS$1004,MATCH($T42,'Post Tracker'!$BS$5:$BS$1004,0))) | M42: =IF($T42="","",INDEX('Post Tracker'!$BD$5:$BD$1004,MATCH($T42,'Post Tracker'!$BS$5:$BS$1004,0))) -> 0 | T42: =IFERROR(LARGE('Post Tracker'!$BS$5:$BS$1004,3),"") -> 0.001147551
B43: 4 | C43: =IF($T43="","",INDEX('Post Tracker'!$A$5:$A$1004,MATCH($T43,'Post Tracker'!$BS$5:$BS$1004,0))&"") -> IGC-260923-1910 | D43: =IF($T43="","",INDEX('Post Tracker'!$B$5:$B$1004,MATCH($T43,'Post Tracker'!$BS$5:$BS$1004,0))) -> 46288 | E43: =IF($T43="","",INDEX('Post Tracker'!$G$5:$G$1004,MATCH($T43,'Post Tracker'!$BS$5:$BS$1004,0))&"") -> Instagram | F43: =IF($T43="","",INDEX('Post Tracker'!$L$5:$L$1004,MATCH($T43,'Post Tracker'!$BS$5:$BS$1004,0))&"") -> An imaging order arrives by fax: 4 manual handoffs before it's billable | G43: =IF($T43="","",INDEX('Post Tracker'!$J$5:$J$1004,MATCH($T43,'Post Tracker'!$BS$5:$BS$1004,0))&"") -> Revenue Cycle & Denials | H43: =IF($T43="","",INDEX('Post Tracker'!$I$5:$I$1004,MATCH($T43,'Post Tracker'!$BS$5:$BS$1004,0))&"") -> Single Image | I43: =IF($T43="","",INDEX('Post Tracker'!$AF$5:$AF$1004,MATCH($T43,'Post Tracker'!$BS$5:$BS$1004,0))) -> 2 | J43: =IF($T43="","",INDEX('Post Tracker'!$AG$5:$AG$1004,MATCH($T43,'Post Tracker'!$BS$5:$BS$1004,0))) -> 0 | K43: =IF($T43="","",INDEX('Post Tracker'!$AU$5:$AU$1004,MATCH($T43,'Post Tracker'!$BS$5:$BS$1004,0))) -> 0.032786885 | L43: =IF($T43="","",INDEX('Post Tracker'!$AS$5:$AS$1004,MATCH($T43,'Post Tracker'!$BS$5:$BS$1004,0))) | M43: =IF($T43="","",INDEX('Post Tracker'!$BD$5:$BD$1004,MATCH($T43,'Post Tracker'!$BS$5:$BS$1004,0))) -> 0 | T43: =IFERROR(LARGE('Post Tracker'!$BS$5:$BS$1004,4),"") -> 0.00032788185
B44: 5 | C44: =IF($T44="","",INDEX('Post Tracker'!$A$5:$A$1004,MATCH($T44,'Post Tracker'!$BS$5:$BS$1004,0))&"") -> XC-260923-2019 | D44: =IF($T44="","",INDEX('Post Tracker'!$B$5:$B$1004,MATCH($T44,'Post Tracker'!$BS$5:$BS$1004,0))) -> 46288 | E44: =IF($T44="","",INDEX('Post Tracker'!$G$5:$G$1004,MATCH($T44,'Post Tracker'!$BS$5:$BS$1004,0))&"") -> X | F44: =IF($T44="","",INDEX('Post Tracker'!$L$5:$L$1004,MATCH($T44,'Post Tracker'!$BS$5:$BS$1004,0))&"") -> An imaging order arrives by fax: 4 manual handoffs before it's billable | G44: =IF($T44="","",INDEX('Post Tracker'!$J$5:$J$1004,MATCH($T44,'Post Tracker'!$BS$5:$BS$1004,0))&"") -> Revenue Cycle & Denials | H44: =IF($T44="","",INDEX('Post Tracker'!$I$5:$I$1004,MATCH($T44,'Post Tracker'!$BS$5:$BS$1004,0))&"") -> Single Image | I44: =IF($T44="","",INDEX('Post Tracker'!$AF$5:$AF$1004,MATCH($T44,'Post Tracker'!$BS$5:$BS$1004,0))) -> 0 | J44: =IF($T44="","",INDEX('Post Tracker'!$AG$5:$AG$1004,MATCH($T44,'Post Tracker'!$BS$5:$BS$1004,0))) -> 1 | K44: =IF($T44="","",INDEX('Post Tracker'!$AU$5:$AU$1004,MATCH($T44,'Post Tracker'!$BS$5:$BS$1004,0))) -> 0.02173913 | L44: =IF($T44="","",INDEX('Post Tracker'!$AS$5:$AS$1004,MATCH($T44,'Post Tracker'!$BS$5:$BS$1004,0))) -> 0.076923077 | M44: =IF($T44="","",INDEX('Post Tracker'!$BD$5:$BD$1004,MATCH($T44,'Post Tracker'!$BS$5:$BS$1004,0))) -> 0 | T44: =IFERROR(LARGE('Post Tracker'!$BS$5:$BS$1004,5),"") -> 0.0002174083
B46: By Platform
C47: Posts | D47: Impressions | E47: Reach | F47: Engagements | G47: Eng. Rate (Reach) | H47: Eng. Rate (Followers) | I47: Link Clicks | J47: CTR | K47: Sessions | L47: Demo Page Visits | M47: Demos Booked | N47: Qualified Demos | O47: Session → Booked % | P47: Pipeline ($)
B48: =IF(Settings!$D$5="","",Settings!$D$5) -> LinkedIn | C48: =IF($B48="","",COUNTIFS('Post Tracker'!$G$5:$G$1004,$B48,'Post Tracker'!$B$5:$B$1004,">="&$C$4,'Post Tracker'!$B$5:$B$1004,"<="&$F$4)) -> 5 | D48: =IF($B48="","",SUMIFS('Post Tracker'!$AC$5:$AC$1004,'Post Tracker'!$G$5:$G$1004,$B48,'Post Tracker'!$B$5:$B$1004,">="&$C$4,'Post Tracker'!$B$5:$B$1004,"<="&$F$4)) -> 0 | E48: =IF($B48="","",SUMIFS('Post Tracker'!$AO$5:$AO$1004,'Post Tracker'!$G$5:$G$1004,$B48,'Post Tracker'!$B$5:$B$1004,">="&$C$4,'Post Tracker'!$B$5:$B$1004,"<="&$F$4)) -> 0 | F48: =IF($B48="","",SUMIFS('Post Tracker'!$AR$5:$AR$1004,'Post Tracker'!$G$5:$G$1004,$B48,'Post Tracker'!$B$5:$B$1004,">="&$C$4,'Post Tracker'!$B$5:$B$1004,"<="&$F$4)) -> 29 | G48: =IF($B48="","",IFERROR(SUMIFS('Post Tracker'!$BP$5:$BP$1004,'Post Tracker'!$G$5:$G$1004,$B48,'Post Tracker'!$B$5:$B$1004,">="&$C$4,'Post Tracker'!$B$5:$B$1004,"<="&$F$4)/E48,"")) | H48: =IF($B48="","",IFERROR(F48/SUMIFS('Post Tracker'!$BQ$5:$BQ$1004,'Post Tracker'!$G$5:$G$1004,$B48,'Post Tracker'!$B$5:$B$1004,">="&$C$4,'Post Tracker'!$B$5:$B$1004,"<="&$F$4),"")) -> 0.0027462121 | I48: =IF($B48="","",SUMIFS('Post Tracker'!$AJ$5:$AJ$1004,'Post Tracker'!$G$5:$G$1004,$B48,'Post Tracker'!$B$5:$B$1004,">="&$C$4,'Post Tracker'!$B$5:$B$1004,"<="&$F$4)) -> 0 | J48: =IF($B48="","",IFERROR(I48/D48,"")) | K48: =IF($B48="","",SUMIFS('Post Tracker'!$AZ$5:$AZ$1004,'Post Tracker'!$G$5:$G$1004,$B48,'Post Tracker'!$B$5:$B$1004,">="&$C$4,'Post Tracker'!$B$5:$B$1004,"<="&$F$4)) -> 0 | L48: =IF($B48="","",SUMIFS('Post Tracker'!$BB$5:$BB$1004,'Post Tracker'!$G$5:$G$1004,$B48,'Post Tracker'!$B$5:$B$1004,">="&$C$4,'Post Tracker'!$B$5:$B$1004,"<="&$F$4)) -> 0 | M48: =IF($B48="","",SUMIFS('Post Tracker'!$BD$5:$BD$1004,'Post Tracker'!$G$5:$G$1004,$B48,'Post Tracker'!$B$5:$B$1004,">="&$C$4,'Post Tracker'!$B$5:$B$1004,"<="&$F$4)) -> 0 | N48: =IF($B48="","",SUMIFS('Post Tracker'!$BF$5:$BF$1004,'Post Tracker'!$G$5:$G$1004,$B48,'Post Tracker'!$B$5:$B$1004,">="&$C$4,'Post Tracker'!$B$5:$B$1004,"<="&$F$4)) -> 0 | O48: =IF($B48="","",IFERROR(M48/K48,"")) | P48: =IF($B48="","",SUMIFS('Post Tracker'!$BH$5:$BH$1004,'Post Tracker'!$G$5:$G$1004,$B48,'Post Tracker'!$B$5:$B$1004,">="&$C$4,'Post Tracker'!$B$5:$B$1004,"<="&$F$4)) -> 0
B49: =IF(Settings!$D$6="","",Settings!$D$6) -> Instagram | C49: =IF($B49="","",COUNTIFS('Post Tracker'!$G$5:$G$1004,$B49,'Post Tracker'!$B$5:$B$1004,">="&$C$4,'Post Tracker'!$B$5:$B$1004,"<="&$F$4)) -> 4 | D49: =IF($B49="","",SUMIFS('Post Tracker'!$AC$5:$AC$1004,'Post Tracker'!$G$5:$G$1004,$B49,'Post Tracker'!$B$5:$B$1004,">="&$C$4,'Post Tracker'!$B$5:$B$1004,"<="&$F$4)) -> 0 | E49: =IF($B49="","",SUMIFS('Post Tracker'!$AO$5:$AO$1004,'Post Tracker'!$G$5:$G$1004,$B49,'Post Tracker'!$B$5:$B$1004,">="&$C$4,'Post Tracker'!$B$5:$B$1004,"<="&$F$4)) -> 0 | F49: =IF($B49="","",SUMIFS('Post Tracker'!$AR$5:$AR$1004,'Post Tracker'!$G$5:$G$1004,$B49,'Post Tracker'!$B$5:$B$1004,">="&$C$4,'Post Tracker'!$B$5:$B$1004,"<="&$F$4)) -> 24 | G49: =IF($B49="","",IFERROR(SUMIFS('Post Tracker'!$BP$5:$BP$1004,'Post Tracker'!$G$5:$G$1004,$B49,'Post Tracker'!$B$5:$B$1004,">="&$C$4,'Post Tracker'!$B$5:$B$1004,"<="&$F$4)/E49,"")) | H49: =IF($B49="","",IFERROR(F49/SUMIFS('Post Tracker'!$BQ$5:$BQ$1004,'Post Tracker'!$G$5:$G$1004,$B49,'Post Tracker'!$B$5:$B$1004,">="&$C$4,'Post Tracker'!$B$5:$B$1004,"<="&$F$4),"")) -> 0.098360656 | I49: =IF($B49="","",SUMIFS('Post Tracker'!$AJ$5:$AJ$1004,'Post Tracker'!$G$5:$G$1004,$B49,'Post Tracker'!$B$5:$B$1004,">="&$C$4,'Post Tracker'!$B$5:$B$1004,"<="&$F$4)) -> 0 | J49: =IF($B49="","",IFERROR(I49/D49,"")) | K49: =IF($B49="","",SUMIFS('Post Tracker'!$AZ$5:$AZ$1004,'Post Tracker'!$G$5:$G$1004,$B49,'Post Tracker'!$B$5:$B$1004,">="&$C$4,'Post Tracker'!$B$5:$B$1004,"<="&$F$4)) -> 0 | L49: =IF($B49="","",SUMIFS('Post Tracker'!$BB$5:$BB$1004,'Post Tracker'!$G$5:$G$1004,$B49,'Post Tracker'!$B$5:$B$1004,">="&$C$4,'Post Tracker'!$B$5:$B$1004,"<="&$F$4)) -> 0 | M49: =IF($B49="","",SUMIFS('Post Tracker'!$BD$5:$BD$1004,'Post Tracker'!$G$5:$G$1004,$B49,'Post Tracker'!$B$5:$B$1004,">="&$C$4,'Post Tracker'!$B$5:$B$1004,"<="&$F$4)) -> 0 | N49: =IF($B49="","",SUMIFS('Post Tracker'!$BF$5:$BF$1004,'Post Tracker'!$G$5:$G$1004,$B49,'Post Tracker'!$B$5:$B$1004,">="&$C$4,'Post Tracker'!$B$5:$B$1004,"<="&$F$4)) -> 0 | O49: =IF($B49="","",IFERROR(M49/K49,"")) | P49: =IF($B49="","",SUMIFS('Post Tracker'!$BH$5:$BH$1004,'Post Tracker'!$G$5:$G$1004,$B49,'Post Tracker'!$B$5:$B$1004,">="&$C$4,'Post Tracker'!$B$5:$B$1004,"<="&$F$4)) -> 0
B50: =IF(Settings!$D$7="","",Settings!$D$7) -> X | C50: =IF($B50="","",COUNTIFS('Post Tracker'!$G$5:$G$1004,$B50,'Post Tracker'!$B$5:$B$1004,">="&$C$4,'Post Tracker'!$B$5:$B$1004,"<="&$F$4)) -> 4 | D50: =IF($B50="","",SUMIFS('Post Tracker'!$AC$5:$AC$1004,'Post Tracker'!$G$5:$G$1004,$B50,'Post Tracker'!$B$5:$B$1004,">="&$C$4,'Post Tracker'!$B$5:$B$1004,"<="&$F$4)) -> 82 | E50: =IF($B50="","",SUMIFS('Post Tracker'!$AO$5:$AO$1004,'Post Tracker'!$G$5:$G$1004,$B50,'Post Tracker'!$B$5:$B$1004,">="&$C$4,'Post Tracker'!$B$5:$B$1004,"<="&$F$4)) -> 82 | F50: =IF($B50="","",SUMIFS('Post Tracker'!$AR$5:$AR$1004,'Post Tracker'!$G$5:$G$1004,$B50,'Post Tracker'!$B$5:$B$1004,">="&$C$4,'Post Tracker'!$B$5:$B$1004,"<="&$F$4)) -> 2 | G50: =IF($B50="","",IFERROR(SUMIFS('Post Tracker'!$BP$5:$BP$1004,'Post Tracker'!$G$5:$G$1004,$B50,'Post Tracker'!$B$5:$B$1004,">="&$C$4,'Post Tracker'!$B$5:$B$1004,"<="&$F$4)/E50,"")) -> 0.024390244 | H50: =IF($B50="","",IFERROR(F50/SUMIFS('Post Tracker'!$BQ$5:$BQ$1004,'Post Tracker'!$G$5:$G$1004,$B50,'Post Tracker'!$B$5:$B$1004,">="&$C$4,'Post Tracker'!$B$5:$B$1004,"<="&$F$4),"")) -> 0.010869565 | I50: =IF($B50="","",SUMIFS('Post Tracker'!$AJ$5:$AJ$1004,'Post Tracker'!$G$5:$G$1004,$B50,'Post Tracker'!$B$5:$B$1004,">="&$C$4,'Post Tracker'!$B$5:$B$1004,"<="&$F$4)) -> 0 | J50: =IF($B50="","",IFERROR(I50/D50,"")) -> 0 | K50: =IF($B50="","",SUMIFS('Post Tracker'!$AZ$5:$AZ$1004,'Post Tracker'!$G$5:$G$1004,$B50,'Post Tracker'!$B$5:$B$1004,">="&$C$4,'Post Tracker'!$B$5:$B$1004,"<="&$F$4)) -> 0 | L50: =IF($B50="","",SUMIFS('Post Tracker'!$BB$5:$BB$1004,'Post Tracker'!$G$5:$G$1004,$B50,'Post Tracker'!$B$5:$B$1004,">="&$C$4,'Post Tracker'!$B$5:$B$1004,"<="&$F$4)) -> 0 | M50: =IF($B50="","",SUMIFS('Post Tracker'!$BD$5:$BD$1004,'Post Tracker'!$G$5:$G$1004,$B50,'Post Tracker'!$B$5:$B$1004,">="&$C$4,'Post Tracker'!$B$5:$B$1004,"<="&$F$4)) -> 0 | N50: =IF($B50="","",SUMIFS('Post Tracker'!$BF$5:$BF$1004,'Post Tracker'!$G$5:$G$1004,$B50,'Post Tracker'!$B$5:$B$1004,">="&$C$4,'Post Tracker'!$B$5:$B$1004,"<="&$F$4)) -> 0 | O50: =IF($B50="","",IFERROR(M50/K50,"")) | P50: =IF($B50="","",SUMIFS('Post Tracker'!$BH$5:$BH$1004,'Post Tracker'!$G$5:$G$1004,$B50,'Post Tracker'!$B$5:$B$1004,">="&$C$4,'Post Tracker'!$B$5:$B$1004,"<="&$F$4)) -> 0
B51: =IF(Settings!$D$8="","",Settings!$D$8) -> Facebook | C51: =IF($B51="","",COUNTIFS('Post Tracker'!$G$5:$G$1004,$B51,'Post Tracker'!$B$5:$B$1004,">="&$C$4,'Post Tracker'!$B$5:$B$1004,"<="&$F$4)) -> 0 | D51: =IF($B51="","",SUMIFS('Post Tracker'!$AC$5:$AC$1004,'Post Tracker'!$G$5:$G$1004,$B51,'Post Tracker'!$B$5:$B$1004,">="&$C$4,'Post Tracker'!$B$5:$B$1004,"<="&$F$4)) -> 0 | E51: =IF($B51="","",SUMIFS('Post Tracker'!$AO$5:$AO$1004,'Post Tracker'!$G$5:$G$1004,$B51,'Post Tracker'!$B$5:$B$1004,">="&$C$4,'Post Tracker'!$B$5:$B$1004,"<="&$F$4)) -> 0 | F51: =IF($B51="","",SUMIFS('Post Tracker'!$AR$5:$AR$1004,'Post Tracker'!$G$5:$G$1004,$B51,'Post Tracker'!$B$5:$B$1004,">="&$C$4,'Post Tracker'!$B$5:$B$1004,"<="&$F$4)) -> 0 | G51: =IF($B51="","",IFERROR(SUMIFS('Post Tracker'!$BP$5:$BP$1004,'Post Tracker'!$G$5:$G$1004,$B51,'Post Tracker'!$B$5:$B$1004,">="&$C$4,'Post Tracker'!$B$5:$B$1004,"<="&$F$4)/E51,"")) | H51: =IF($B51="","",IFERROR(F51/SUMIFS('Post Tracker'!$BQ$5:$BQ$1004,'Post Tracker'!$G$5:$G$1004,$B51,'Post Tracker'!$B$5:$B$1004,">="&$C$4,'Post Tracker'!$B$5:$B$1004,"<="&$F$4),"")) | I51: =IF($B51="","",SUMIFS('Post Tracker'!$AJ$5:$AJ$1004,'Post Tracker'!$G$5:$G$1004,$B51,'Post Tracker'!$B$5:$B$1004,">="&$C$4,'Post Tracker'!$B$5:$B$1004,"<="&$F$4)) -> 0 | J51: =IF($B51="","",IFERROR(I51/D51,"")) | K51: =IF($B51="","",SUMIFS('Post Tracker'!$AZ$5:$AZ$1004,'Post Tracker'!$G$5:$G$1004,$B51,'Post Tracker'!$B$5:$B$1004,">="&$C$4,'Post Tracker'!$B$5:$B$1004,"<="&$F$4)) -> 0 | L51: =IF($B51="","",SUMIFS('Post Tracker'!$BB$5:$BB$1004,'Post Tracker'!$G$5:$G$1004,$B51,'Post Tracker'!$B$5:$B$1004,">="&$C$4,'Post Tracker'!$B$5:$B$1004,"<="&$F$4)) -> 0 | M51: =IF($B51="","",SUMIFS('Post Tracker'!$BD$5:$BD$1004,'Post Tracker'!$G$5:$G$1004,$B51,'Post Tracker'!$B$5:$B$1004,">="&$C$4,'Post Tracker'!$B$5:$B$1004,"<="&$F$4)) -> 0 | N51: =IF($B51="","",SUMIFS('Post Tracker'!$BF$5:$BF$1004,'Post Tracker'!$G$5:$G$1004,$B51,'Post Tracker'!$B$5:$B$1004,">="&$C$4,'Post Tracker'!$B$5:$B$1004,"<="&$F$4)) -> 0 | O51: =IF($B51="","",IFERROR(M51/K51,"")) | P51: =IF($B51="","",SUMIFS('Post Tracker'!$BH$5:$BH$1004,'Post Tracker'!$G$5:$G$1004,$B51,'Post Tracker'!$B$5:$B$1004,">="&$C$4,'Post Tracker'!$B$5:$B$1004,"<="&$F$4)) -> 0
B52: =IF(Settings!$D$9="","",Settings!$D$9) -> YouTube | C52: =IF($B52="","",COUNTIFS('Post Tracker'!$G$5:$G$1004,$B52,'Post Tracker'!$B$5:$B$1004,">="&$C$4,'Post Tracker'!$B$5:$B$1004,"<="&$F$4)) -> 0 | D52: =IF($B52="","",SUMIFS('Post Tracker'!$AC$5:$AC$1004,'Post Tracker'!$G$5:$G$1004,$B52,'Post Tracker'!$B$5:$B$1004,">="&$C$4,'Post Tracker'!$B$5:$B$1004,"<="&$F$4)) -> 0 | E52: =IF($B52="","",SUMIFS('Post Tracker'!$AO$5:$AO$1004,'Post Tracker'!$G$5:$G$1004,$B52,'Post Tracker'!$B$5:$B$1004,">="&$C$4,'Post Tracker'!$B$5:$B$1004,"<="&$F$4)) -> 0 | F52: =IF($B52="","",SUMIFS('Post Tracker'!$AR$5:$AR$1004,'Post Tracker'!$G$5:$G$1004,$B52,'Post Tracker'!$B$5:$B$1004,">="&$C$4,'Post Tracker'!$B$5:$B$1004,"<="&$F$4)) -> 0 | G52: =IF($B52="","",IFERROR(SUMIFS('Post Tracker'!$BP$5:$BP$1004,'Post Tracker'!$G$5:$G$1004,$B52,'Post Tracker'!$B$5:$B$1004,">="&$C$4,'Post Tracker'!$B$5:$B$1004,"<="&$F$4)/E52,"")) | H52: =IF($B52="","",IFERROR(F52/SUMIFS('Post Tracker'!$BQ$5:$BQ$1004,'Post Tracker'!$G$5:$G$1004,$B52,'Post Tracker'!$B$5:$B$1004,">="&$C$4,'Post Tracker'!$B$5:$B$1004,"<="&$F$4),"")) | I52: =IF($B52="","",SUMIFS('Post Tracker'!$AJ$5:$AJ$1004,'Post Tracker'!$G$5:$G$1004,$B52,'Post Tracker'!$B$5:$B$1004,">="&$C$4,'Post Tracker'!$B$5:$B$1004,"<="&$F$4)) -> 0 | J52: =IF($B52="","",IFERROR(I52/D52,"")) | K52: =IF($B52="","",SUMIFS('Post Tracker'!$AZ$5:$AZ$1004,'Post Tracker'!$G$5:$G$1004,$B52,'Post Tracker'!$B$5:$B$1004,">="&$C$4,'Post Tracker'!$B$5:$B$1004,"<="&$F$4)) -> 0 | L52: =IF($B52="","",SUMIFS('Post Tracker'!$BB$5:$BB$1004,'Post Tracker'!$G$5:$G$1004,$B52,'Post Tracker'!$B$5:$B$1004,">="&$C$4,'Post Tracker'!$B$5:$B$1004,"<="&$F$4)) -> 0 | M52: =IF($B52="","",SUMIFS('Post Tracker'!$BD$5:$BD$1004,'Post Tracker'!$G$5:$G$1004,$B52,'Post Tracker'!$B$5:$B$1004,">="&$C$4,'Post Tracker'!$B$5:$B$1004,"<="&$F$4)) -> 0 | N52: =IF($B52="","",SUMIFS('Post Tracker'!$BF$5:$BF$1004,'Post Tracker'!$G$5:$G$1004,$B52,'Post Tracker'!$B$5:$B$1004,">="&$C$4,'Post Tracker'!$B$5:$B$1004,"<="&$F$4)) -> 0 | O52: =IF($B52="","",IFERROR(M52/K52,"")) | P52: =IF($B52="","",SUMIFS('Post Tracker'!$BH$5:$BH$1004,'Post Tracker'!$G$5:$G$1004,$B52,'Post Tracker'!$B$5:$B$1004,">="&$C$4,'Post Tracker'!$B$5:$B$1004,"<="&$F$4)) -> 0
B53: =IF(Settings!$D$10="","",Settings!$D$10) | C53: =IF($B53="","",COUNTIFS('Post Tracker'!$G$5:$G$1004,$B53,'Post Tracker'!$B$5:$B$1004,">="&$C$4,'Post Tracker'!$B$5:$B$1004,"<="&$F$4)) | D53: =IF($B53="","",SUMIFS('Post Tracker'!$AC$5:$AC$1004,'Post Tracker'!$G$5:$G$1004,$B53,'Post Tracker'!$B$5:$B$1004,">="&$C$4,'Post Tracker'!$B$5:$B$1004,"<="&$F$4)) | E53: =IF($B53="","",SUMIFS('Post Tracker'!$AO$5:$AO$1004,'Post Tracker'!$G$5:$G$1004,$B53,'Post Tracker'!$B$5:$B$1004,">="&$C$4,'Post Tracker'!$B$5:$B$1004,"<="&$F$4)) | F53: =IF($B53="","",SUMIFS('Post Tracker'!$AR$5:$AR$1004,'Post Tracker'!$G$5:$G$1004,$B53,'Post Tracker'!$B$5:$B$1004,">="&$C$4,'Post Tracker'!$B$5:$B$1004,"<="&$F$4)) | G53: =IF($B53="","",IFERROR(SUMIFS('Post Tracker'!$BP$5:$BP$1004,'Post Tracker'!$G$5:$G$1004,$B53,'Post Tracker'!$B$5:$B$1004,">="&$C$4,'Post Tracker'!$B$5:$B$1004,"<="&$F$4)/E53,"")) | H53: =IF($B53="","",IFERROR(F53/SUMIFS('Post Tracker'!$BQ$5:$BQ$1004,'Post Tracker'!$G$5:$G$1004,$B53,'Post Tracker'!$B$5:$B$1004,">="&$C$4,'Post Tracker'!$B$5:$B$1004,"<="&$F$4),"")) | I53: =IF($B53="","",SUMIFS('Post Tracker'!$AJ$5:$AJ$1004,'Post Tracker'!$G$5:$G$1004,$B53,'Post Tracker'!$B$5:$B$1004,">="&$C$4,'Post Tracker'!$B$5:$B$1004,"<="&$F$4)) | J53: =IF($B53="","",IFERROR(I53/D53,"")) | K53: =IF($B53="","",SUMIFS('Post Tracker'!$AZ$5:$AZ$1004,'Post Tracker'!$G$5:$G$1004,$B53,'Post Tracker'!$B$5:$B$1004,">="&$C$4,'Post Tracker'!$B$5:$B$1004,"<="&$F$4)) | L53: =IF($B53="","",SUMIFS('Post Tracker'!$BB$5:$BB$1004,'Post Tracker'!$G$5:$G$1004,$B53,'Post Tracker'!$B$5:$B$1004,">="&$C$4,'Post Tracker'!$B$5:$B$1004,"<="&$F$4)) | M53: =IF($B53="","",SUMIFS('Post Tracker'!$BD$5:$BD$1004,'Post Tracker'!$G$5:$G$1004,$B53,'Post Tracker'!$B$5:$B$1004,">="&$C$4,'Post Tracker'!$B$5:$B$1004,"<="&$F$4)) | N53: =IF($B53="","",SUMIFS('Post Tracker'!$BF$5:$BF$1004,'Post Tracker'!$G$5:$G$1004,$B53,'Post Tracker'!$B$5:$B$1004,">="&$C$4,'Post Tracker'!$B$5:$B$1004,"<="&$F$4)) | O53: =IF($B53="","",IFERROR(M53/K53,"")) | P53: =IF($B53="","",SUMIFS('Post Tracker'!$BH$5:$BH$1004,'Post Tracker'!$G$5:$G$1004,$B53,'Post Tracker'!$B$5:$B$1004,">="&$C$4,'Post Tracker'!$B$5:$B$1004,"<="&$F$4))
B54: =IF(Settings!$D$11="","",Settings!$D$11) | C54: =IF($B54="","",COUNTIFS('Post Tracker'!$G$5:$G$1004,$B54,'Post Tracker'!$B$5:$B$1004,">="&$C$4,'Post Tracker'!$B$5:$B$1004,"<="&$F$4)) | D54: =IF($B54="","",SUMIFS('Post Tracker'!$AC$5:$AC$1004,'Post Tracker'!$G$5:$G$1004,$B54,'Post Tracker'!$B$5:$B$1004,">="&$C$4,'Post Tracker'!$B$5:$B$1004,"<="&$F$4)) | E54: =IF($B54="","",SUMIFS('Post Tracker'!$AO$5:$AO$1004,'Post Tracker'!$G$5:$G$1004,$B54,'Post Tracker'!$B$5:$B$1004,">="&$C$4,'Post Tracker'!$B$5:$B$1004,"<="&$F$4)) | F54: =IF($B54="","",SUMIFS('Post Tracker'!$AR$5:$AR$1004,'Post Tracker'!$G$5:$G$1004,$B54,'Post Tracker'!$B$5:$B$1004,">="&$C$4,'Post Tracker'!$B$5:$B$1004,"<="&$F$4)) | G54: =IF($B54="","",IFERROR(SUMIFS('Post Tracker'!$BP$5:$BP$1004,'Post Tracker'!$G$5:$G$1004,$B54,'Post Tracker'!$B$5:$B$1004,">="&$C$4,'Post Tracker'!$B$5:$B$1004,"<="&$F$4)/E54,"")) | H54: =IF($B54="","",IFERROR(F54/SUMIFS('Post Tracker'!$BQ$5:$BQ$1004,'Post Tracker'!$G$5:$G$1004,$B54,'Post Tracker'!$B$5:$B$1004,">="&$C$4,'Post Tracker'!$B$5:$B$1004,"<="&$F$4),"")) | I54: =IF($B54="","",SUMIFS('Post Tracker'!$AJ$5:$AJ$1004,'Post Tracker'!$G$5:$G$1004,$B54,'Post Tracker'!$B$5:$B$1004,">="&$C$4,'Post Tracker'!$B$5:$B$1004,"<="&$F$4)) | J54: =IF($B54="","",IFERROR(I54/D54,"")) | K54: =IF($B54="","",SUMIFS('Post Tracker'!$AZ$5:$AZ$1004,'Post Tracker'!$G$5:$G$1004,$B54,'Post Tracker'!$B$5:$B$1004,">="&$C$4,'Post Tracker'!$B$5:$B$1004,"<="&$F$4)) | L54: =IF($B54="","",SUMIFS('Post Tracker'!$BB$5:$BB$1004,'Post Tracker'!$G$5:$G$1004,$B54,'Post Tracker'!$B$5:$B$1004,">="&$C$4,'Post Tracker'!$B$5:$B$1004,"<="&$F$4)) | M54: =IF($B54="","",SUMIFS('Post Tracker'!$BD$5:$BD$1004,'Post Tracker'!$G$5:$G$1004,$B54,'Post Tracker'!$B$5:$B$1004,">="&$C$4,'Post Tracker'!$B$5:$B$1004,"<="&$F$4)) | N54: =IF($B54="","",SUMIFS('Post Tracker'!$BF$5:$BF$1004,'Post Tracker'!$G$5:$G$1004,$B54,'Post Tracker'!$B$5:$B$1004,">="&$C$4,'Post Tracker'!$B$5:$B$1004,"<="&$F$4)) | O54: =IF($B54="","",IFERROR(M54/K54,"")) | P54: =IF($B54="","",SUMIFS('Post Tracker'!$BH$5:$BH$1004,'Post Tracker'!$G$5:$G$1004,$B54,'Post Tracker'!$B$5:$B$1004,">="&$C$4,'Post Tracker'!$B$5:$B$1004,"<="&$F$4))
B56: By Account (Company page vs Founder vs Employees)
C57: Posts | D57: Impressions | E57: Reach | F57: Engagements | G57: Eng. Rate (Reach) | H57: Eng. Rate (Followers) | I57: Link Clicks | J57: CTR | K57: Sessions | L57: Demo Page Visits | M57: Demos Booked | N57: Qualified Demos | O57: Session → Booked % | P57: Pipeline ($)
B58: =IF(Settings!$G$5="","",Settings!$G$5) -> Company Page | C58: =IF($B58="","",COUNTIFS('Post Tracker'!$H$5:$H$1004,$B58,'Post Tracker'!$B$5:$B$1004,">="&$C$4,'Post Tracker'!$B$5:$B$1004,"<="&$F$4)) -> 13 | D58: =IF($B58="","",SUMIFS('Post Tracker'!$AC$5:$AC$1004,'Post Tracker'!$H$5:$H$1004,$B58,'Post Tracker'!$B$5:$B$1004,">="&$C$4,'Post Tracker'!$B$5:$B$1004,"<="&$F$4)) -> 82 | E58: =IF($B58="","",SUMIFS('Post Tracker'!$AO$5:$AO$1004,'Post Tracker'!$H$5:$H$1004,$B58,'Post Tracker'!$B$5:$B$1004,">="&$C$4,'Post Tracker'!$B$5:$B$1004,"<="&$F$4)) -> 82 | F58: =IF($B58="","",SUMIFS('Post Tracker'!$AR$5:$AR$1004,'Post Tracker'!$H$5:$H$1004,$B58,'Post Tracker'!$B$5:$B$1004,">="&$C$4,'Post Tracker'!$B$5:$B$1004,"<="&$F$4)) -> 55 | G58: =IF($B58="","",IFERROR(SUMIFS('Post Tracker'!$BP$5:$BP$1004,'Post Tracker'!$H$5:$H$1004,$B58,'Post Tracker'!$B$5:$B$1004,">="&$C$4,'Post Tracker'!$B$5:$B$1004,"<="&$F$4)/E58,"")) -> 0.024390244 | H58: =IF($B58="","",IFERROR(F58/SUMIFS('Post Tracker'!$BQ$5:$BQ$1004,'Post Tracker'!$H$5:$H$1004,$B58,'Post Tracker'!$B$5:$B$1004,">="&$C$4,'Post Tracker'!$B$5:$B$1004,"<="&$F$4),"")) -> 0.0050054605 | I58: =IF($B58="","",SUMIFS('Post Tracker'!$AJ$5:$AJ$1004,'Post Tracker'!$H$5:$H$1004,$B58,'Post Tracker'!$B$5:$B$1004,">="&$C$4,'Post Tracker'!$B$5:$B$1004,"<="&$F$4)) -> 0 | J58: =IF($B58="","",IFERROR(I58/D58,"")) -> 0 | K58: =IF($B58="","",SUMIFS('Post Tracker'!$AZ$5:$AZ$1004,'Post Tracker'!$H$5:$H$1004,$B58,'Post Tracker'!$B$5:$B$1004,">="&$C$4,'Post Tracker'!$B$5:$B$1004,"<="&$F$4)) -> 0 | L58: =IF($B58="","",SUMIFS('Post Tracker'!$BB$5:$BB$1004,'Post Tracker'!$H$5:$H$1004,$B58,'Post Tracker'!$B$5:$B$1004,">="&$C$4,'Post Tracker'!$B$5:$B$1004,"<="&$F$4)) -> 0 | M58: =IF($B58="","",SUMIFS('Post Tracker'!$BD$5:$BD$1004,'Post Tracker'!$H$5:$H$1004,$B58,'Post Tracker'!$B$5:$B$1004,">="&$C$4,'Post Tracker'!$B$5:$B$1004,"<="&$F$4)) -> 0 | N58: =IF($B58="","",SUMIFS('Post Tracker'!$BF$5:$BF$1004,'Post Tracker'!$H$5:$H$1004,$B58,'Post Tracker'!$B$5:$B$1004,">="&$C$4,'Post Tracker'!$B$5:$B$1004,"<="&$F$4)) -> 0 | O58: =IF($B58="","",IFERROR(M58/K58,"")) | P58: =IF($B58="","",SUMIFS('Post Tracker'!$BH$5:$BH$1004,'Post Tracker'!$H$5:$H$1004,$B58,'Post Tracker'!$B$5:$B$1004,">="&$C$4,'Post Tracker'!$B$5:$B$1004,"<="&$F$4)) -> 0
B59: =IF(Settings!$G$6="","",Settings!$G$6) -> Founder / Exec Profile | C59: =IF($B59="","",COUNTIFS('Post Tracker'!$H$5:$H$1004,$B59,'Post Tracker'!$B$5:$B$1004,">="&$C$4,'Post Tracker'!$B$5:$B$1004,"<="&$F$4)) -> 0 | D59: =IF($B59="","",SUMIFS('Post Tracker'!$AC$5:$AC$1004,'Post Tracker'!$H$5:$H$1004,$B59,'Post Tracker'!$B$5:$B$1004,">="&$C$4,'Post Tracker'!$B$5:$B$1004,"<="&$F$4)) -> 0 | E59: =IF($B59="","",SUMIFS('Post Tracker'!$AO$5:$AO$1004,'Post Tracker'!$H$5:$H$1004,$B59,'Post Tracker'!$B$5:$B$1004,">="&$C$4,'Post Tracker'!$B$5:$B$1004,"<="&$F$4)) -> 0 | F59: =IF($B59="","",SUMIFS('Post Tracker'!$AR$5:$AR$1004,'Post Tracker'!$H$5:$H$1004,$B59,'Post Tracker'!$B$5:$B$1004,">="&$C$4,'Post Tracker'!$B$5:$B$1004,"<="&$F$4)) -> 0 | G59: =IF($B59="","",IFERROR(SUMIFS('Post Tracker'!$BP$5:$BP$1004,'Post Tracker'!$H$5:$H$1004,$B59,'Post Tracker'!$B$5:$B$1004,">="&$C$4,'Post Tracker'!$B$5:$B$1004,"<="&$F$4)/E59,"")) | H59: =IF($B59="","",IFERROR(F59/SUMIFS('Post Tracker'!$BQ$5:$BQ$1004,'Post Tracker'!$H$5:$H$1004,$B59,'Post Tracker'!$B$5:$B$1004,">="&$C$4,'Post Tracker'!$B$5:$B$1004,"<="&$F$4),"")) | I59: =IF($B59="","",SUMIFS('Post Tracker'!$AJ$5:$AJ$1004,'Post Tracker'!$H$5:$H$1004,$B59,'Post Tracker'!$B$5:$B$1004,">="&$C$4,'Post Tracker'!$B$5:$B$1004,"<="&$F$4)) -> 0 | J59: =IF($B59="","",IFERROR(I59/D59,"")) | K59: =IF($B59="","",SUMIFS('Post Tracker'!$AZ$5:$AZ$1004,'Post Tracker'!$H$5:$H$1004,$B59,'Post Tracker'!$B$5:$B$1004,">="&$C$4,'Post Tracker'!$B$5:$B$1004,"<="&$F$4)) -> 0 | L59: =IF($B59="","",SUMIFS('Post Tracker'!$BB$5:$BB$1004,'Post Tracker'!$H$5:$H$1004,$B59,'Post Tracker'!$B$5:$B$1004,">="&$C$4,'Post Tracker'!$B$5:$B$1004,"<="&$F$4)) -> 0 | M59: =IF($B59="","",SUMIFS('Post Tracker'!$BD$5:$BD$1004,'Post Tracker'!$H$5:$H$1004,$B59,'Post Tracker'!$B$5:$B$1004,">="&$C$4,'Post Tracker'!$B$5:$B$1004,"<="&$F$4)) -> 0 | N59: =IF($B59="","",SUMIFS('Post Tracker'!$BF$5:$BF$1004,'Post Tracker'!$H$5:$H$1004,$B59,'Post Tracker'!$B$5:$B$1004,">="&$C$4,'Post Tracker'!$B$5:$B$1004,"<="&$F$4)) -> 0 | O59: =IF($B59="","",IFERROR(M59/K59,"")) | P59: =IF($B59="","",SUMIFS('Post Tracker'!$BH$5:$BH$1004,'Post Tracker'!$H$5:$H$1004,$B59,'Post Tracker'!$B$5:$B$1004,">="&$C$4,'Post Tracker'!$B$5:$B$1004,"<="&$F$4)) -> 0
B60: =IF(Settings!$G$7="","",Settings!$G$7) -> Employee Advocate | C60: =IF($B60="","",COUNTIFS('Post Tracker'!$H$5:$H$1004,$B60,'Post Tracker'!$B$5:$B$1004,">="&$C$4,'Post Tracker'!$B$5:$B$1004,"<="&$F$4)) -> 0 | D60: =IF($B60="","",SUMIFS('Post Tracker'!$AC$5:$AC$1004,'Post Tracker'!$H$5:$H$1004,$B60,'Post Tracker'!$B$5:$B$1004,">="&$C$4,'Post Tracker'!$B$5:$B$1004,"<="&$F$4)) -> 0 | E60: =IF($B60="","",SUMIFS('Post Tracker'!$AO$5:$AO$1004,'Post Tracker'!$H$5:$H$1004,$B60,'Post Tracker'!$B$5:$B$1004,">="&$C$4,'Post Tracker'!$B$5:$B$1004,"<="&$F$4)) -> 0 | F60: =IF($B60="","",SUMIFS('Post Tracker'!$AR$5:$AR$1004,'Post Tracker'!$H$5:$H$1004,$B60,'Post Tracker'!$B$5:$B$1004,">="&$C$4,'Post Tracker'!$B$5:$B$1004,"<="&$F$4)) -> 0 | G60: =IF($B60="","",IFERROR(SUMIFS('Post Tracker'!$BP$5:$BP$1004,'Post Tracker'!$H$5:$H$1004,$B60,'Post Tracker'!$B$5:$B$1004,">="&$C$4,'Post Tracker'!$B$5:$B$1004,"<="&$F$4)/E60,"")) | H60: =IF($B60="","",IFERROR(F60/SUMIFS('Post Tracker'!$BQ$5:$BQ$1004,'Post Tracker'!$H$5:$H$1004,$B60,'Post Tracker'!$B$5:$B$1004,">="&$C$4,'Post Tracker'!$B$5:$B$1004,"<="&$F$4),"")) | I60: =IF($B60="","",SUMIFS('Post Tracker'!$AJ$5:$AJ$1004,'Post Tracker'!$H$5:$H$1004,$B60,'Post Tracker'!$B$5:$B$1004,">="&$C$4,'Post Tracker'!$B$5:$B$1004,"<="&$F$4)) -> 0 | J60: =IF($B60="","",IFERROR(I60/D60,"")) | K60: =IF($B60="","",SUMIFS('Post Tracker'!$AZ$5:$AZ$1004,'Post Tracker'!$H$5:$H$1004,$B60,'Post Tracker'!$B$5:$B$1004,">="&$C$4,'Post Tracker'!$B$5:$B$1004,"<="&$F$4)) -> 0 | L60: =IF($B60="","",SUMIFS('Post Tracker'!$BB$5:$BB$1004,'Post Tracker'!$H$5:$H$1004,$B60,'Post Tracker'!$B$5:$B$1004,">="&$C$4,'Post Tracker'!$B$5:$B$1004,"<="&$F$4)) -> 0 | M60: =IF($B60="","",SUMIFS('Post Tracker'!$BD$5:$BD$1004,'Post Tracker'!$H$5:$H$1004,$B60,'Post Tracker'!$B$5:$B$1004,">="&$C$4,'Post Tracker'!$B$5:$B$1004,"<="&$F$4)) -> 0 | N60: =IF($B60="","",SUMIFS('Post Tracker'!$BF$5:$BF$1004,'Post Tracker'!$H$5:$H$1004,$B60,'Post Tracker'!$B$5:$B$1004,">="&$C$4,'Post Tracker'!$B$5:$B$1004,"<="&$F$4)) -> 0 | O60: =IF($B60="","",IFERROR(M60/K60,"")) | P60: =IF($B60="","",SUMIFS('Post Tracker'!$BH$5:$BH$1004,'Post Tracker'!$H$5:$H$1004,$B60,'Post Tracker'!$B$5:$B$1004,">="&$C$4,'Post Tracker'!$B$5:$B$1004,"<="&$F$4)) -> 0
B61: =IF(Settings!$G$8="","",Settings!$G$8) | C61: =IF($B61="","",COUNTIFS('Post Tracker'!$H$5:$H$1004,$B61,'Post Tracker'!$B$5:$B$1004,">="&$C$4,'Post Tracker'!$B$5:$B$1004,"<="&$F$4)) | D61: =IF($B61="","",SUMIFS('Post Tracker'!$AC$5:$AC$1004,'Post Tracker'!$H$5:$H$1004,$B61,'Post Tracker'!$B$5:$B$1004,">="&$C$4,'Post Tracker'!$B$5:$B$1004,"<="&$F$4)) | E61: =IF($B61="","",SUMIFS('Post Tracker'!$AO$5:$AO$1004,'Post Tracker'!$H$5:$H$1004,$B61,'Post Tracker'!$B$5:$B$1004,">="&$C$4,'Post Tracker'!$B$5:$B$1004,"<="&$F$4)) | F61: =IF($B61="","",SUMIFS('Post Tracker'!$AR$5:$AR$1004,'Post Tracker'!$H$5:$H$1004,$B61,'Post Tracker'!$B$5:$B$1004,">="&$C$4,'Post Tracker'!$B$5:$B$1004,"<="&$F$4)) | G61: =IF($B61="","",IFERROR(SUMIFS('Post Tracker'!$BP$5:$BP$1004,'Post Tracker'!$H$5:$H$1004,$B61,'Post Tracker'!$B$5:$B$1004,">="&$C$4,'Post Tracker'!$B$5:$B$1004,"<="&$F$4)/E61,"")) | H61: =IF($B61="","",IFERROR(F61/SUMIFS('Post Tracker'!$BQ$5:$BQ$1004,'Post Tracker'!$H$5:$H$1004,$B61,'Post Tracker'!$B$5:$B$1004,">="&$C$4,'Post Tracker'!$B$5:$B$1004,"<="&$F$4),"")) | I61: =IF($B61="","",SUMIFS('Post Tracker'!$AJ$5:$AJ$1004,'Post Tracker'!$H$5:$H$1004,$B61,'Post Tracker'!$B$5:$B$1004,">="&$C$4,'Post Tracker'!$B$5:$B$1004,"<="&$F$4)) | J61: =IF($B61="","",IFERROR(I61/D61,"")) | K61: =IF($B61="","",SUMIFS('Post Tracker'!$AZ$5:$AZ$1004,'Post Tracker'!$H$5:$H$1004,$B61,'Post Tracker'!$B$5:$B$1004,">="&$C$4,'Post Tracker'!$B$5:$B$1004,"<="&$F$4)) | L61: =IF($B61="","",SUMIFS('Post Tracker'!$BB$5:$BB$1004,'Post Tracker'!$H$5:$H$1004,$B61,'Post Tracker'!$B$5:$B$1004,">="&$C$4,'Post Tracker'!$B$5:$B$1004,"<="&$F$4)) | M61: =IF($B61="","",SUMIFS('Post Tracker'!$BD$5:$BD$1004,'Post Tracker'!$H$5:$H$1004,$B61,'Post Tracker'!$B$5:$B$1004,">="&$C$4,'Post Tracker'!$B$5:$B$1004,"<="&$F$4)) | N61: =IF($B61="","",SUMIFS('Post Tracker'!$BF$5:$BF$1004,'Post Tracker'!$H$5:$H$1004,$B61,'Post Tracker'!$B$5:$B$1004,">="&$C$4,'Post Tracker'!$B$5:$B$1004,"<="&$F$4)) | O61: =IF($B61="","",IFERROR(M61/K61,"")) | P61: =IF($B61="","",SUMIFS('Post Tracker'!$BH$5:$BH$1004,'Post Tracker'!$H$5:$H$1004,$B61,'Post Tracker'!$B$5:$B$1004,">="&$C$4,'Post Tracker'!$B$5:$B$1004,"<="&$F$4))
B62: =IF(Settings!$G$9="","",Settings!$G$9) | C62: =IF($B62="","",COUNTIFS('Post Tracker'!$H$5:$H$1004,$B62,'Post Tracker'!$B$5:$B$1004,">="&$C$4,'Post Tracker'!$B$5:$B$1004,"<="&$F$4)) | D62: =IF($B62="","",SUMIFS('Post Tracker'!$AC$5:$AC$1004,'Post Tracker'!$H$5:$H$1004,$B62,'Post Tracker'!$B$5:$B$1004,">="&$C$4,'Post Tracker'!$B$5:$B$1004,"<="&$F$4)) | E62: =IF($B62="","",SUMIFS('Post Tracker'!$AO$5:$AO$1004,'Post Tracker'!$H$5:$H$1004,$B62,'Post Tracker'!$B$5:$B$1004,">="&$C$4,'Post Tracker'!$B$5:$B$1004,"<="&$F$4)) | F62: =IF($B62="","",SUMIFS('Post Tracker'!$AR$5:$AR$1004,'Post Tracker'!$H$5:$H$1004,$B62,'Post Tracker'!$B$5:$B$1004,">="&$C$4,'Post Tracker'!$B$5:$B$1004,"<="&$F$4)) | G62: =IF($B62="","",IFERROR(SUMIFS('Post Tracker'!$BP$5:$BP$1004,'Post Tracker'!$H$5:$H$1004,$B62,'Post Tracker'!$B$5:$B$1004,">="&$C$4,'Post Tracker'!$B$5:$B$1004,"<="&$F$4)/E62,"")) | H62: =IF($B62="","",IFERROR(F62/SUMIFS('Post Tracker'!$BQ$5:$BQ$1004,'Post Tracker'!$H$5:$H$1004,$B62,'Post Tracker'!$B$5:$B$1004,">="&$C$4,'Post Tracker'!$B$5:$B$1004,"<="&$F$4),"")) | I62: =IF($B62="","",SUMIFS('Post Tracker'!$AJ$5:$AJ$1004,'Post Tracker'!$H$5:$H$1004,$B62,'Post Tracker'!$B$5:$B$1004,">="&$C$4,'Post Tracker'!$B$5:$B$1004,"<="&$F$4)) | J62: =IF($B62="","",IFERROR(I62/D62,"")) | K62: =IF($B62="","",SUMIFS('Post Tracker'!$AZ$5:$AZ$1004,'Post Tracker'!$H$5:$H$1004,$B62,'Post Tracker'!$B$5:$B$1004,">="&$C$4,'Post Tracker'!$B$5:$B$1004,"<="&$F$4)) | L62: =IF($B62="","",SUMIFS('Post Tracker'!$BB$5:$BB$1004,'Post Tracker'!$H$5:$H$1004,$B62,'Post Tracker'!$B$5:$B$1004,">="&$C$4,'Post Tracker'!$B$5:$B$1004,"<="&$F$4)) | M62: =IF($B62="","",SUMIFS('Post Tracker'!$BD$5:$BD$1004,'Post Tracker'!$H$5:$H$1004,$B62,'Post Tracker'!$B$5:$B$1004,">="&$C$4,'Post Tracker'!$B$5:$B$1004,"<="&$F$4)) | N62: =IF($B62="","",SUMIFS('Post Tracker'!$BF$5:$BF$1004,'Post Tracker'!$H$5:$H$1004,$B62,'Post Tracker'!$B$5:$B$1004,">="&$C$4,'Post Tracker'!$B$5:$B$1004,"<="&$F$4)) | O62: =IF($B62="","",IFERROR(M62/K62,"")) | P62: =IF($B62="","",SUMIFS('Post Tracker'!$BH$5:$BH$1004,'Post Tracker'!$H$5:$H$1004,$B62,'Post Tracker'!$B$5:$B$1004,">="&$C$4,'Post Tracker'!$B$5:$B$1004,"<="&$F$4))
B64: By Content Pillar
C65: Posts | D65: Impressions | E65: Reach | F65: Engagements | G65: Eng. Rate (Reach) | H65: Eng. Rate (Followers) | I65: Link Clicks | J65: CTR | K65: Sessions | L65: Demo Page Visits | M65: Demos Booked | N65: Qualified Demos | O65: Session → Booked % | P65: Pipeline ($)
B66: =IF(Settings!$I$5="","",Settings!$I$5) -> Case Study / Customer Result | C66: =IF($B66="","",COUNTIFS('Post Tracker'!$J$5:$J$1004,$B66,'Post Tracker'!$B$5:$B$1004,">="&$C$4,'Post Tracker'!$B$5:$B$1004,"<="&$F$4)) -> 0 | D66: =IF($B66="","",SUMIFS('Post Tracker'!$AC$5:$AC$1004,'Post Tracker'!$J$5:$J$1004,$B66,'Post Tracker'!$B$5:$B$1004,">="&$C$4,'Post Tracker'!$B$5:$B$1004,"<="&$F$4)) -> 0 | E66: =IF($B66="","",SUMIFS('Post Tracker'!$AO$5:$AO$1004,'Post Tracker'!$J$5:$J$1004,$B66,'Post Tracker'!$B$5:$B$1004,">="&$C$4,'Post Tracker'!$B$5:$B$1004,"<="&$F$4)) -> 0 | F66: =IF($B66="","",SUMIFS('Post Tracker'!$AR$5:$AR$1004,'Post Tracker'!$J$5:$J$1004,$B66,'Post Tracker'!$B$5:$B$1004,">="&$C$4,'Post Tracker'!$B$5:$B$1004,"<="&$F$4)) -> 0 | G66: =IF($B66="","",IFERROR(SUMIFS('Post Tracker'!$BP$5:$BP$1004,'Post Tracker'!$J$5:$J$1004,$B66,'Post Tracker'!$B$5:$B$1004,">="&$C$4,'Post Tracker'!$B$5:$B$1004,"<="&$F$4)/E66,"")) | H66: =IF($B66="","",IFERROR(F66/SUMIFS('Post Tracker'!$BQ$5:$BQ$1004,'Post Tracker'!$J$5:$J$1004,$B66,'Post Tracker'!$B$5:$B$1004,">="&$C$4,'Post Tracker'!$B$5:$B$1004,"<="&$F$4),"")) | I66: =IF($B66="","",SUMIFS('Post Tracker'!$AJ$5:$AJ$1004,'Post Tracker'!$J$5:$J$1004,$B66,'Post Tracker'!$B$5:$B$1004,">="&$C$4,'Post Tracker'!$B$5:$B$1004,"<="&$F$4)) -> 0 | J66: =IF($B66="","",IFERROR(I66/D66,"")) | K66: =IF($B66="","",SUMIFS('Post Tracker'!$AZ$5:$AZ$1004,'Post Tracker'!$J$5:$J$1004,$B66,'Post Tracker'!$B$5:$B$1004,">="&$C$4,'Post Tracker'!$B$5:$B$1004,"<="&$F$4)) -> 0 | L66: =IF($B66="","",SUMIFS('Post Tracker'!$BB$5:$BB$1004,'Post Tracker'!$J$5:$J$1004,$B66,'Post Tracker'!$B$5:$B$1004,">="&$C$4,'Post Tracker'!$B$5:$B$1004,"<="&$F$4)) -> 0 | M66: =IF($B66="","",SUMIFS('Post Tracker'!$BD$5:$BD$1004,'Post Tracker'!$J$5:$J$1004,$B66,'Post Tracker'!$B$5:$B$1004,">="&$C$4,'Post Tracker'!$B$5:$B$1004,"<="&$F$4)) -> 0 | N66: =IF($B66="","",SUMIFS('Post Tracker'!$BF$5:$BF$1004,'Post Tracker'!$J$5:$J$1004,$B66,'Post Tracker'!$B$5:$B$1004,">="&$C$4,'Post Tracker'!$B$5:$B$1004,"<="&$F$4)) -> 0 | O66: =IF($B66="","",IFERROR(M66/K66,"")) | P66: =IF($B66="","",SUMIFS('Post Tracker'!$BH$5:$BH$1004,'Post Tracker'!$J$5:$J$1004,$B66,'Post Tracker'!$B$5:$B$1004,">="&$C$4,'Post Tracker'!$B$5:$B$1004,"<="&$F$4)) -> 0
B67: =IF(Settings!$I$6="","",Settings!$I$6) -> Product Demo / Feature | C67: =IF($B67="","",COUNTIFS('Post Tracker'!$J$5:$J$1004,$B67,'Post Tracker'!$B$5:$B$1004,">="&$C$4,'Post Tracker'!$B$5:$B$1004,"<="&$F$4)) -> 3 | D67: =IF($B67="","",SUMIFS('Post Tracker'!$AC$5:$AC$1004,'Post Tracker'!$J$5:$J$1004,$B67,'Post Tracker'!$B$5:$B$1004,">="&$C$4,'Post Tracker'!$B$5:$B$1004,"<="&$F$4)) -> 27 | E67: =IF($B67="","",SUMIFS('Post Tracker'!$AO$5:$AO$1004,'Post Tracker'!$J$5:$J$1004,$B67,'Post Tracker'!$B$5:$B$1004,">="&$C$4,'Post Tracker'!$B$5:$B$1004,"<="&$F$4)) -> 27 | F67: =IF($B67="","",SUMIFS('Post Tracker'!$AR$5:$AR$1004,'Post Tracker'!$J$5:$J$1004,$B67,'Post Tracker'!$B$5:$B$1004,">="&$C$4,'Post Tracker'!$B$5:$B$1004,"<="&$F$4)) -> 7 | G67: =IF($B67="","",IFERROR(SUMIFS('Post Tracker'!$BP$5:$BP$1004,'Post Tracker'!$J$5:$J$1004,$B67,'Post Tracker'!$B$5:$B$1004,">="&$C$4,'Post Tracker'!$B$5:$B$1004,"<="&$F$4)/E67,"")) -> 0 | H67: =IF($B67="","",IFERROR(F67/SUMIFS('Post Tracker'!$BQ$5:$BQ$1004,'Post Tracker'!$J$5:$J$1004,$B67,'Post Tracker'!$B$5:$B$1004,">="&$C$4,'Post Tracker'!$B$5:$B$1004,"<="&$F$4),"")) -> 0.065420561 | I67: =IF($B67="","",SUMIFS('Post Tracker'!$AJ$5:$AJ$1004,'Post Tracker'!$J$5:$J$1004,$B67,'Post Tracker'!$B$5:$B$1004,">="&$C$4,'Post Tracker'!$B$5:$B$1004,"<="&$F$4)) -> 0 | J67: =IF($B67="","",IFERROR(I67/D67,"")) -> 0 | K67: =IF($B67="","",SUMIFS('Post Tracker'!$AZ$5:$AZ$1004,'Post Tracker'!$J$5:$J$1004,$B67,'Post Tracker'!$B$5:$B$1004,">="&$C$4,'Post Tracker'!$B$5:$B$1004,"<="&$F$4)) -> 0 | L67: =IF($B67="","",SUMIFS('Post Tracker'!$BB$5:$BB$1004,'Post Tracker'!$J$5:$J$1004,$B67,'Post Tracker'!$B$5:$B$1004,">="&$C$4,'Post Tracker'!$B$5:$B$1004,"<="&$F$4)) -> 0 | M67: =IF($B67="","",SUMIFS('Post Tracker'!$BD$5:$BD$1004,'Post Tracker'!$J$5:$J$1004,$B67,'Post Tracker'!$B$5:$B$1004,">="&$C$4,'Post Tracker'!$B$5:$B$1004,"<="&$F$4)) -> 0 | N67: =IF($B67="","",SUMIFS('Post Tracker'!$BF$5:$BF$1004,'Post Tracker'!$J$5:$J$1004,$B67,'Post Tracker'!$B$5:$B$1004,">="&$C$4,'Post Tracker'!$B$5:$B$1004,"<="&$F$4)) -> 0 | O67: =IF($B67="","",IFERROR(M67/K67,"")) | P67: =IF($B67="","",SUMIFS('Post Tracker'!$BH$5:$BH$1004,'Post Tracker'!$J$5:$J$1004,$B67,'Post Tracker'!$B$5:$B$1004,">="&$C$4,'Post Tracker'!$B$5:$B$1004,"<="&$F$4)) -> 0
B68: =IF(Settings!$I$7="","",Settings!$I$7) -> Industry Insight / Data | C68: =IF($B68="","",COUNTIFS('Post Tracker'!$J$5:$J$1004,$B68,'Post Tracker'!$B$5:$B$1004,">="&$C$4,'Post Tracker'!$B$5:$B$1004,"<="&$F$4)) -> 1 | D68: =IF($B68="","",SUMIFS('Post Tracker'!$AC$5:$AC$1004,'Post Tracker'!$J$5:$J$1004,$B68,'Post Tracker'!$B$5:$B$1004,">="&$C$4,'Post Tracker'!$B$5:$B$1004,"<="&$F$4)) -> 0 | E68: =IF($B68="","",SUMIFS('Post Tracker'!$AO$5:$AO$1004,'Post Tracker'!$J$5:$J$1004,$B68,'Post Tracker'!$B$5:$B$1004,">="&$C$4,'Post Tracker'!$B$5:$B$1004,"<="&$F$4)) -> 0 | F68: =IF($B68="","",SUMIFS('Post Tracker'!$AR$5:$AR$1004,'Post Tracker'!$J$5:$J$1004,$B68,'Post Tracker'!$B$5:$B$1004,">="&$C$4,'Post Tracker'!$B$5:$B$1004,"<="&$F$4)) -> 2 | G68: =IF($B68="","",IFERROR(SUMIFS('Post Tracker'!$BP$5:$BP$1004,'Post Tracker'!$J$5:$J$1004,$B68,'Post Tracker'!$B$5:$B$1004,">="&$C$4,'Post Tracker'!$B$5:$B$1004,"<="&$F$4)/E68,"")) | H68: =IF($B68="","",IFERROR(F68/SUMIFS('Post Tracker'!$BQ$5:$BQ$1004,'Post Tracker'!$J$5:$J$1004,$B68,'Post Tracker'!$B$5:$B$1004,">="&$C$4,'Post Tracker'!$B$5:$B$1004,"<="&$F$4),"")) -> 0.00075757576 | I68: =IF($B68="","",SUMIFS('Post Tracker'!$AJ$5:$AJ$1004,'Post Tracker'!$J$5:$J$1004,$B68,'Post Tracker'!$B$5:$B$1004,">="&$C$4,'Post Tracker'!$B$5:$B$1004,"<="&$F$4)) -> 0 | J68: =IF($B68="","",IFERROR(I68/D68,"")) | K68: =IF($B68="","",SUMIFS('Post Tracker'!$AZ$5:$AZ$1004,'Post Tracker'!$J$5:$J$1004,$B68,'Post Tracker'!$B$5:$B$1004,">="&$C$4,'Post Tracker'!$B$5:$B$1004,"<="&$F$4)) -> 0 | L68: =IF($B68="","",SUMIFS('Post Tracker'!$BB$5:$BB$1004,'Post Tracker'!$J$5:$J$1004,$B68,'Post Tracker'!$B$5:$B$1004,">="&$C$4,'Post Tracker'!$B$5:$B$1004,"<="&$F$4)) -> 0 | M68: =IF($B68="","",SUMIFS('Post Tracker'!$BD$5:$BD$1004,'Post Tracker'!$J$5:$J$1004,$B68,'Post Tracker'!$B$5:$B$1004,">="&$C$4,'Post Tracker'!$B$5:$B$1004,"<="&$F$4)) -> 0 | N68: =IF($B68="","",SUMIFS('Post Tracker'!$BF$5:$BF$1004,'Post Tracker'!$J$5:$J$1004,$B68,'Post Tracker'!$B$5:$B$1004,">="&$C$4,'Post Tracker'!$B$5:$B$1004,"<="&$F$4)) -> 0 | O68: =IF($B68="","",IFERROR(M68/K68,"")) | P68: =IF($B68="","",SUMIFS('Post Tracker'!$BH$5:$BH$1004,'Post Tracker'!$J$5:$J$1004,$B68,'Post Tracker'!$B$5:$B$1004,">="&$C$4,'Post Tracker'!$B$5:$B$1004,"<="&$F$4)) -> 0
B69: =IF(Settings!$I$8="","",Settings!$I$8) -> Thought Leadership / POV | C69: =IF($B69="","",COUNTIFS('Post Tracker'!$J$5:$J$1004,$B69,'Post Tracker'!$B$5:$B$1004,">="&$C$4,'Post Tracker'!$B$5:$B$1004,"<="&$F$4)) -> 0 | D69: =IF($B69="","",SUMIFS('Post Tracker'!$AC$5:$AC$1004,'Post Tracker'!$J$5:$J$1004,$B69,'Post Tracker'!$B$5:$B$1004,">="&$C$4,'Post Tracker'!$B$5:$B$1004,"<="&$F$4)) -> 0 | E69: =IF($B69="","",SUMIFS('Post Tracker'!$AO$5:$AO$1004,'Post Tracker'!$J$5:$J$1004,$B69,'Post Tracker'!$B$5:$B$1004,">="&$C$4,'Post Tracker'!$B$5:$B$1004,"<="&$F$4)) -> 0 | F69: =IF($B69="","",SUMIFS('Post Tracker'!$AR$5:$AR$1004,'Post Tracker'!$J$5:$J$1004,$B69,'Post Tracker'!$B$5:$B$1004,">="&$C$4,'Post Tracker'!$B$5:$B$1004,"<="&$F$4)) -> 0 | G69: =IF($B69="","",IFERROR(SUMIFS('Post Tracker'!$BP$5:$BP$1004,'Post Tracker'!$J$5:$J$1004,$B69,'Post Tracker'!$B$5:$B$1004,">="&$C$4,'Post Tracker'!$B$5:$B$1004,"<="&$F$4)/E69,"")) | H69: =IF($B69="","",IFERROR(F69/SUMIFS('Post Tracker'!$BQ$5:$BQ$1004,'Post Tracker'!$J$5:$J$1004,$B69,'Post Tracker'!$B$5:$B$1004,">="&$C$4,'Post Tracker'!$B$5:$B$1004,"<="&$F$4),"")) | I69: =IF($B69="","",SUMIFS('Post Tracker'!$AJ$5:$AJ$1004,'Post Tracker'!$J$5:$J$1004,$B69,'Post Tracker'!$B$5:$B$1004,">="&$C$4,'Post Tracker'!$B$5:$B$1004,"<="&$F$4)) -> 0 | J69: =IF($B69="","",IFERROR(I69/D69,"")) | K69: =IF($B69="","",SUMIFS('Post Tracker'!$AZ$5:$AZ$1004,'Post Tracker'!$J$5:$J$1004,$B69,'Post Tracker'!$B$5:$B$1004,">="&$C$4,'Post Tracker'!$B$5:$B$1004,"<="&$F$4)) -> 0 | L69: =IF($B69="","",SUMIFS('Post Tracker'!$BB$5:$BB$1004,'Post Tracker'!$J$5:$J$1004,$B69,'Post Tracker'!$B$5:$B$1004,">="&$C$4,'Post Tracker'!$B$5:$B$1004,"<="&$F$4)) -> 0 | M69: =IF($B69="","",SUMIFS('Post Tracker'!$BD$5:$BD$1004,'Post Tracker'!$J$5:$J$1004,$B69,'Post Tracker'!$B$5:$B$1004,">="&$C$4,'Post Tracker'!$B$5:$B$1004,"<="&$F$4)) -> 0 | N69: =IF($B69="","",SUMIFS('Post Tracker'!$BF$5:$BF$1004,'Post Tracker'!$J$5:$J$1004,$B69,'Post Tracker'!$B$5:$B$1004,">="&$C$4,'Post Tracker'!$B$5:$B$1004,"<="&$F$4)) -> 0 | O69: =IF($B69="","",IFERROR(M69/K69,"")) | P69: =IF($B69="","",SUMIFS('Post Tracker'!$BH$5:$BH$1004,'Post Tracker'!$J$5:$J$1004,$B69,'Post Tracker'!$B$5:$B$1004,">="&$C$4,'Post Tracker'!$B$5:$B$1004,"<="&$F$4)) -> 0
B70: =IF(Settings!$I$9="","",Settings!$I$9) -> Customer Testimonial | C70: =IF($B70="","",COUNTIFS('Post Tracker'!$J$5:$J$1004,$B70,'Post Tracker'!$B$5:$B$1004,">="&$C$4,'Post Tracker'!$B$5:$B$1004,"<="&$F$4)) -> 0 | D70: =IF($B70="","",SUMIFS('Post Tracker'!$AC$5:$AC$1004,'Post Tracker'!$J$5:$J$1004,$B70,'Post Tracker'!$B$5:$B$1004,">="&$C$4,'Post Tracker'!$B$5:$B$1004,"<="&$F$4)) -> 0 | E70: =IF($B70="","",SUMIFS('Post Tracker'!$AO$5:$AO$1004,'Post Tracker'!$J$5:$J$1004,$B70,'Post Tracker'!$B$5:$B$1004,">="&$C$4,'Post Tracker'!$B$5:$B$1004,"<="&$F$4)) -> 0 | F70: =IF($B70="","",SUMIFS('Post Tracker'!$AR$5:$AR$1004,'Post Tracker'!$J$5:$J$1004,$B70,'Post Tracker'!$B$5:$B$1004,">="&$C$4,'Post Tracker'!$B$5:$B$1004,"<="&$F$4)) -> 0 | G70: =IF($B70="","",IFERROR(SUMIFS('Post Tracker'!$BP$5:$BP$1004,'Post Tracker'!$J$5:$J$1004,$B70,'Post Tracker'!$B$5:$B$1004,">="&$C$4,'Post Tracker'!$B$5:$B$1004,"<="&$F$4)/E70,"")) | H70: =IF($B70="","",IFERROR(F70/SUMIFS('Post Tracker'!$BQ$5:$BQ$1004,'Post Tracker'!$J$5:$J$1004,$B70,'Post Tracker'!$B$5:$B$1004,">="&$C$4,'Post Tracker'!$B$5:$B$1004,"<="&$F$4),"")) | I70: =IF($B70="","",SUMIFS('Post Tracker'!$AJ$5:$AJ$1004,'Post Tracker'!$J$5:$J$1004,$B70,'Post Tracker'!$B$5:$B$1004,">="&$C$4,'Post Tracker'!$B$5:$B$1004,"<="&$F$4)) -> 0 | J70: =IF($B70="","",IFERROR(I70/D70,"")) | K70: =IF($B70="","",SUMIFS('Post Tracker'!$AZ$5:$AZ$1004,'Post Tracker'!$J$5:$J$1004,$B70,'Post Tracker'!$B$5:$B$1004,">="&$C$4,'Post Tracker'!$B$5:$B$1004,"<="&$F$4)) -> 0 | L70: =IF($B70="","",SUMIFS('Post Tracker'!$BB$5:$BB$1004,'Post Tracker'!$J$5:$J$1004,$B70,'Post Tracker'!$B$5:$B$1004,">="&$C$4,'Post Tracker'!$B$5:$B$1004,"<="&$F$4)) -> 0 | M70: =IF($B70="","",SUMIFS('Post Tracker'!$BD$5:$BD$1004,'Post Tracker'!$J$5:$J$1004,$B70,'Post Tracker'!$B$5:$B$1004,">="&$C$4,'Post Tracker'!$B$5:$B$1004,"<="&$F$4)) -> 0 | N70: =IF($B70="","",SUMIFS('Post Tracker'!$BF$5:$BF$1004,'Post Tracker'!$J$5:$J$1004,$B70,'Post Tracker'!$B$5:$B$1004,">="&$C$4,'Post Tracker'!$B$5:$B$1004,"<="&$F$4)) -> 0 | O70: =IF($B70="","",IFERROR(M70/K70,"")) | P70: =IF($B70="","",SUMIFS('Post Tracker'!$BH$5:$BH$1004,'Post Tracker'!$J$5:$J$1004,$B70,'Post Tracker'!$B$5:$B$1004,">="&$C$4,'Post Tracker'!$B$5:$B$1004,"<="&$F$4)) -> 0
B71: =IF(Settings!$I$10="","",Settings!$I$10) -> Reimbursement & Regulatory | C71: =IF($B71="","",COUNTIFS('Post Tracker'!$J$5:$J$1004,$B71,'Post Tracker'!$B$5:$B$1004,">="&$C$4,'Post Tracker'!$B$5:$B$1004,"<="&$F$4)) -> 0 | D71: =IF($B71="","",SUMIFS('Post Tracker'!$AC$5:$AC$1004,'Post Tracker'!$J$5:$J$1004,$B71,'Post Tracker'!$B$5:$B$1004,">="&$C$4,'Post Tracker'!$B$5:$B$1004,"<="&$F$4)) -> 0 | E71: =IF($B71="","",SUMIFS('Post Tracker'!$AO$5:$AO$1004,'Post Tracker'!$J$5:$J$1004,$B71,'Post Tracker'!$B$5:$B$1004,">="&$C$4,'Post Tracker'!$B$5:$B$1004,"<="&$F$4)) -> 0 | F71: =IF($B71="","",SUMIFS('Post Tracker'!$AR$5:$AR$1004,'Post Tracker'!$J$5:$J$1004,$B71,'Post Tracker'!$B$5:$B$1004,">="&$C$4,'Post Tracker'!$B$5:$B$1004,"<="&$F$4)) -> 0 | G71: =IF($B71="","",IFERROR(SUMIFS('Post Tracker'!$BP$5:$BP$1004,'Post Tracker'!$J$5:$J$1004,$B71,'Post Tracker'!$B$5:$B$1004,">="&$C$4,'Post Tracker'!$B$5:$B$1004,"<="&$F$4)/E71,"")) | H71: =IF($B71="","",IFERROR(F71/SUMIFS('Post Tracker'!$BQ$5:$BQ$1004,'Post Tracker'!$J$5:$J$1004,$B71,'Post Tracker'!$B$5:$B$1004,">="&$C$4,'Post Tracker'!$B$5:$B$1004,"<="&$F$4),"")) | I71: =IF($B71="","",SUMIFS('Post Tracker'!$AJ$5:$AJ$1004,'Post Tracker'!$J$5:$J$1004,$B71,'Post Tracker'!$B$5:$B$1004,">="&$C$4,'Post Tracker'!$B$5:$B$1004,"<="&$F$4)) -> 0 | J71: =IF($B71="","",IFERROR(I71/D71,"")) | K71: =IF($B71="","",SUMIFS('Post Tracker'!$AZ$5:$AZ$1004,'Post Tracker'!$J$5:$J$1004,$B71,'Post Tracker'!$B$5:$B$1004,">="&$C$4,'Post Tracker'!$B$5:$B$1004,"<="&$F$4)) -> 0 | L71: =IF($B71="","",SUMIFS('Post Tracker'!$BB$5:$BB$1004,'Post Tracker'!$J$5:$J$1004,$B71,'Post Tracker'!$B$5:$B$1004,">="&$C$4,'Post Tracker'!$B$5:$B$1004,"<="&$F$4)) -> 0 | M71: =IF($B71="","",SUMIFS('Post Tracker'!$BD$5:$BD$1004,'Post Tracker'!$J$5:$J$1004,$B71,'Post Tracker'!$B$5:$B$1004,">="&$C$4,'Post Tracker'!$B$5:$B$1004,"<="&$F$4)) -> 0 | N71: =IF($B71="","",SUMIFS('Post Tracker'!$BF$5:$BF$1004,'Post Tracker'!$J$5:$J$1004,$B71,'Post Tracker'!$B$5:$B$1004,">="&$C$4,'Post Tracker'!$B$5:$B$1004,"<="&$F$4)) -> 0 | O71: =IF($B71="","",IFERROR(M71/K71,"")) | P71: =IF($B71="","",SUMIFS('Post Tracker'!$BH$5:$BH$1004,'Post Tracker'!$J$5:$J$1004,$B71,'Post Tracker'!$B$5:$B$1004,">="&$C$4,'Post Tracker'!$B$5:$B$1004,"<="&$F$4)) -> 0
B72: =IF(Settings!$I$11="","",Settings!$I$11) -> Operations Tips (Scheduling, No-shows, Throughput) | C72: =IF($B72="","",COUNTIFS('Post Tracker'!$J$5:$J$1004,$B72,'Post Tracker'!$B$5:$B$1004,">="&$C$4,'Post Tracker'!$B$5:$B$1004,"<="&$F$4)) -> 3 | D72: =IF($B72="","",SUMIFS('Post Tracker'!$AC$5:$AC$1004,'Post Tracker'!$J$5:$J$1004,$B72,'Post Tracker'!$B$5:$B$1004,">="&$C$4,'Post Tracker'!$B$5:$B$1004,"<="&$F$4)) -> 16 | E72: =IF($B72="","",SUMIFS('Post Tracker'!$AO$5:$AO$1004,'Post Tracker'!$J$5:$J$1004,$B72,'Post Tracker'!$B$5:$B$1004,">="&$C$4,'Post Tracker'!$B$5:$B$1004,"<="&$F$4)) -> 16 | F72: =IF($B72="","",SUMIFS('Post Tracker'!$AR$5:$AR$1004,'Post Tracker'!$J$5:$J$1004,$B72,'Post Tracker'!$B$5:$B$1004,">="&$C$4,'Post Tracker'!$B$5:$B$1004,"<="&$F$4)) -> 24 | G72: =IF($B72="","",IFERROR(SUMIFS('Post Tracker'!$BP$5:$BP$1004,'Post Tracker'!$J$5:$J$1004,$B72,'Post Tracker'!$B$5:$B$1004,">="&$C$4,'Post Tracker'!$B$5:$B$1004,"<="&$F$4)/E72,"")) -> 0 | H72: =IF($B72="","",IFERROR(F72/SUMIFS('Post Tracker'!$BQ$5:$BQ$1004,'Post Tracker'!$J$5:$J$1004,$B72,'Post Tracker'!$B$5:$B$1004,">="&$C$4,'Post Tracker'!$B$5:$B$1004,"<="&$F$4),"")) -> 0.0087368038 | I72: =IF($B72="","",SUMIFS('Post Tracker'!$AJ$5:$AJ$1004,'Post Tracker'!$J$5:$J$1004,$B72,'Post Tracker'!$B$5:$B$1004,">="&$C$4,'Post Tracker'!$B$5:$B$1004,"<="&$F$4)) -> 0 | J72: =IF($B72="","",IFERROR(I72/D72,"")) -> 0 | K72: =IF($B72="","",SUMIFS('Post Tracker'!$AZ$5:$AZ$1004,'Post Tracker'!$J$5:$J$1004,$B72,'Post Tracker'!$B$5:$B$1004,">="&$C$4,'Post Tracker'!$B$5:$B$1004,"<="&$F$4)) -> 0 | L72: =IF($B72="","",SUMIFS('Post Tracker'!$BB$5:$BB$1004,'Post Tracker'!$J$5:$J$1004,$B72,'Post Tracker'!$B$5:$B$1004,">="&$C$4,'Post Tracker'!$B$5:$B$1004,"<="&$F$4)) -> 0 | M72: =IF($B72="","",SUMIFS('Post Tracker'!$BD$5:$BD$1004,'Post Tracker'!$J$5:$J$1004,$B72,'Post Tracker'!$B$5:$B$1004,">="&$C$4,'Post Tracker'!$B$5:$B$1004,"<="&$F$4)) -> 0 | N72: =IF($B72="","",SUMIFS('Post Tracker'!$BF$5:$BF$1004,'Post Tracker'!$J$5:$J$1004,$B72,'Post Tracker'!$B$5:$B$1004,">="&$C$4,'Post Tracker'!$B$5:$B$1004,"<="&$F$4)) -> 0 | O72: =IF($B72="","",IFERROR(M72/K72,"")) | P72: =IF($B72="","",SUMIFS('Post Tracker'!$BH$5:$BH$1004,'Post Tracker'!$J$5:$J$1004,$B72,'Post Tracker'!$B$5:$B$1004,">="&$C$4,'Post Tracker'!$B$5:$B$1004,"<="&$F$4)) -> 0
B73: =IF(Settings!$I$12="","",Settings!$I$12) -> Team / Culture / Behind the Scenes | C73: =IF($B73="","",COUNTIFS('Post Tracker'!$J$5:$J$1004,$B73,'Post Tracker'!$B$5:$B$1004,">="&$C$4,'Post Tracker'!$B$5:$B$1004,"<="&$F$4)) -> 0 | D73: =IF($B73="","",SUMIFS('Post Tracker'!$AC$5:$AC$1004,'Post Tracker'!$J$5:$J$1004,$B73,'Post Tracker'!$B$5:$B$1004,">="&$C$4,'Post Tracker'!$B$5:$B$1004,"<="&$F$4)) -> 0 | E73: =IF($B73="","",SUMIFS('Post Tracker'!$AO$5:$AO$1004,'Post Tracker'!$J$5:$J$1004,$B73,'Post Tracker'!$B$5:$B$1004,">="&$C$4,'Post Tracker'!$B$5:$B$1004,"<="&$F$4)) -> 0 | F73: =IF($B73="","",SUMIFS('Post Tracker'!$AR$5:$AR$1004,'Post Tracker'!$J$5:$J$1004,$B73,'Post Tracker'!$B$5:$B$1004,">="&$C$4,'Post Tracker'!$B$5:$B$1004,"<="&$F$4)) -> 0 | G73: =IF($B73="","",IFERROR(SUMIFS('Post Tracker'!$BP$5:$BP$1004,'Post Tracker'!$J$5:$J$1004,$B73,'Post Tracker'!$B$5:$B$1004,">="&$C$4,'Post Tracker'!$B$5:$B$1004,"<="&$F$4)/E73,"")) | H73: =IF($B73="","",IFERROR(F73/SUMIFS('Post Tracker'!$BQ$5:$BQ$1004,'Post Tracker'!$J$5:$J$1004,$B73,'Post Tracker'!$B$5:$B$1004,">="&$C$4,'Post Tracker'!$B$5:$B$1004,"<="&$F$4),"")) | I73: =IF($B73="","",SUMIFS('Post Tracker'!$AJ$5:$AJ$1004,'Post Tracker'!$J$5:$J$1004,$B73,'Post Tracker'!$B$5:$B$1004,">="&$C$4,'Post Tracker'!$B$5:$B$1004,"<="&$F$4)) -> 0 | J73: =IF($B73="","",IFERROR(I73/D73,"")) | K73: =IF($B73="","",SUMIFS('Post Tracker'!$AZ$5:$AZ$1004,'Post Tracker'!$J$5:$J$1004,$B73,'Post Tracker'!$B$5:$B$1004,">="&$C$4,'Post Tracker'!$B$5:$B$1004,"<="&$F$4)) -> 0 | L73: =IF($B73="","",SUMIFS('Post Tracker'!$BB$5:$BB$1004,'Post Tracker'!$J$5:$J$1004,$B73,'Post Tracker'!$B$5:$B$1004,">="&$C$4,'Post Tracker'!$B$5:$B$1004,"<="&$F$4)) -> 0 | M73: =IF($B73="","",SUMIFS('Post Tracker'!$BD$5:$BD$1004,'Post Tracker'!$J$5:$J$1004,$B73,'Post Tracker'!$B$5:$B$1004,">="&$C$4,'Post Tracker'!$B$5:$B$1004,"<="&$F$4)) -> 0 | N73: =IF($B73="","",SUMIFS('Post Tracker'!$BF$5:$BF$1004,'Post Tracker'!$J$5:$J$1004,$B73,'Post Tracker'!$B$5:$B$1004,">="&$C$4,'Post Tracker'!$B$5:$B$1004,"<="&$F$4)) -> 0 | O73: =IF($B73="","",IFERROR(M73/K73,"")) | P73: =IF($B73="","",SUMIFS('Post Tracker'!$BH$5:$BH$1004,'Post Tracker'!$J$5:$J$1004,$B73,'Post Tracker'!$B$5:$B$1004,">="&$C$4,'Post Tracker'!$B$5:$B$1004,"<="&$F$4)) -> 0
B74: =IF(Settings!$I$13="","",Settings!$I$13) -> Event / Webinar / Conference | C74: =IF($B74="","",COUNTIFS('Post Tracker'!$J$5:$J$1004,$B74,'Post Tracker'!$B$5:$B$1004,">="&$C$4,'Post Tracker'!$B$5:$B$1004,"<="&$F$4)) -> 0 | D74: =IF($B74="","",SUMIFS('Post Tracker'!$AC$5:$AC$1004,'Post Tracker'!$J$5:$J$1004,$B74,'Post Tracker'!$B$5:$B$1004,">="&$C$4,'Post Tracker'!$B$5:$B$1004,"<="&$F$4)) -> 0 | E74: =IF($B74="","",SUMIFS('Post Tracker'!$AO$5:$AO$1004,'Post Tracker'!$J$5:$J$1004,$B74,'Post Tracker'!$B$5:$B$1004,">="&$C$4,'Post Tracker'!$B$5:$B$1004,"<="&$F$4)) -> 0 | F74: =IF($B74="","",SUMIFS('Post Tracker'!$AR$5:$AR$1004,'Post Tracker'!$J$5:$J$1004,$B74,'Post Tracker'!$B$5:$B$1004,">="&$C$4,'Post Tracker'!$B$5:$B$1004,"<="&$F$4)) -> 0 | G74: =IF($B74="","",IFERROR(SUMIFS('Post Tracker'!$BP$5:$BP$1004,'Post Tracker'!$J$5:$J$1004,$B74,'Post Tracker'!$B$5:$B$1004,">="&$C$4,'Post Tracker'!$B$5:$B$1004,"<="&$F$4)/E74,"")) | H74: =IF($B74="","",IFERROR(F74/SUMIFS('Post Tracker'!$BQ$5:$BQ$1004,'Post Tracker'!$J$5:$J$1004,$B74,'Post Tracker'!$B$5:$B$1004,">="&$C$4,'Post Tracker'!$B$5:$B$1004,"<="&$F$4),"")) | I74: =IF($B74="","",SUMIFS('Post Tracker'!$AJ$5:$AJ$1004,'Post Tracker'!$J$5:$J$1004,$B74,'Post Tracker'!$B$5:$B$1004,">="&$C$4,'Post Tracker'!$B$5:$B$1004,"<="&$F$4)) -> 0 | J74: =IF($B74="","",IFERROR(I74/D74,"")) | K74: =IF($B74="","",SUMIFS('Post Tracker'!$AZ$5:$AZ$1004,'Post Tracker'!$J$5:$J$1004,$B74,'Post Tracker'!$B$5:$B$1004,">="&$C$4,'Post Tracker'!$B$5:$B$1004,"<="&$F$4)) -> 0 | L74: =IF($B74="","",SUMIFS('Post Tracker'!$BB$5:$BB$1004,'Post Tracker'!$J$5:$J$1004,$B74,'Post Tracker'!$B$5:$B$1004,">="&$C$4,'Post Tracker'!$B$5:$B$1004,"<="&$F$4)) -> 0 | M74: =IF($B74="","",SUMIFS('Post Tracker'!$BD$5:$BD$1004,'Post Tracker'!$J$5:$J$1004,$B74,'Post Tracker'!$B$5:$B$1004,">="&$C$4,'Post Tracker'!$B$5:$B$1004,"<="&$F$4)) -> 0 | N74: =IF($B74="","",SUMIFS('Post Tracker'!$BF$5:$BF$1004,'Post Tracker'!$J$5:$J$1004,$B74,'Post Tracker'!$B$5:$B$1004,">="&$C$4,'Post Tracker'!$B$5:$B$1004,"<="&$F$4)) -> 0 | O74: =IF($B74="","",IFERROR(M74/K74,"")) | P74: =IF($B74="","",SUMIFS('Post Tracker'!$BH$5:$BH$1004,'Post Tracker'!$J$5:$J$1004,$B74,'Post Tracker'!$B$5:$B$1004,">="&$C$4,'Post Tracker'!$B$5:$B$1004,"<="&$F$4)) -> 0
B75: =IF(Settings!$I$14="","",Settings!$I$14) -> Offer / Direct Demo CTA | C75: =IF($B75="","",COUNTIFS('Post Tracker'!$J$5:$J$1004,$B75,'Post Tracker'!$B$5:$B$1004,">="&$C$4,'Post Tracker'!$B$5:$B$1004,"<="&$F$4)) -> 0 | D75: =IF($B75="","",SUMIFS('Post Tracker'!$AC$5:$AC$1004,'Post Tracker'!$J$5:$J$1004,$B75,'Post Tracker'!$B$5:$B$1004,">="&$C$4,'Post Tracker'!$B$5:$B$1004,"<="&$F$4)) -> 0 | E75: =IF($B75="","",SUMIFS('Post Tracker'!$AO$5:$AO$1004,'Post Tracker'!$J$5:$J$1004,$B75,'Post Tracker'!$B$5:$B$1004,">="&$C$4,'Post Tracker'!$B$5:$B$1004,"<="&$F$4)) -> 0 | F75: =IF($B75="","",SUMIFS('Post Tracker'!$AR$5:$AR$1004,'Post Tracker'!$J$5:$J$1004,$B75,'Post Tracker'!$B$5:$B$1004,">="&$C$4,'Post Tracker'!$B$5:$B$1004,"<="&$F$4)) -> 0 | G75: =IF($B75="","",IFERROR(SUMIFS('Post Tracker'!$BP$5:$BP$1004,'Post Tracker'!$J$5:$J$1004,$B75,'Post Tracker'!$B$5:$B$1004,">="&$C$4,'Post Tracker'!$B$5:$B$1004,"<="&$F$4)/E75,"")) | H75: =IF($B75="","",IFERROR(F75/SUMIFS('Post Tracker'!$BQ$5:$BQ$1004,'Post Tracker'!$J$5:$J$1004,$B75,'Post Tracker'!$B$5:$B$1004,">="&$C$4,'Post Tracker'!$B$5:$B$1004,"<="&$F$4),"")) | I75: =IF($B75="","",SUMIFS('Post Tracker'!$AJ$5:$AJ$1004,'Post Tracker'!$J$5:$J$1004,$B75,'Post Tracker'!$B$5:$B$1004,">="&$C$4,'Post Tracker'!$B$5:$B$1004,"<="&$F$4)) -> 0 | J75: =IF($B75="","",IFERROR(I75/D75,"")) | K75: =IF($B75="","",SUMIFS('Post Tracker'!$AZ$5:$AZ$1004,'Post Tracker'!$J$5:$J$1004,$B75,'Post Tracker'!$B$5:$B$1004,">="&$C$4,'Post Tracker'!$B$5:$B$1004,"<="&$F$4)) -> 0 | L75: =IF($B75="","",SUMIFS('Post Tracker'!$BB$5:$BB$1004,'Post Tracker'!$J$5:$J$1004,$B75,'Post Tracker'!$B$5:$B$1004,">="&$C$4,'Post Tracker'!$B$5:$B$1004,"<="&$F$4)) -> 0 | M75: =IF($B75="","",SUMIFS('Post Tracker'!$BD$5:$BD$1004,'Post Tracker'!$J$5:$J$1004,$B75,'Post Tracker'!$B$5:$B$1004,">="&$C$4,'Post Tracker'!$B$5:$B$1004,"<="&$F$4)) -> 0 | N75: =IF($B75="","",SUMIFS('Post Tracker'!$BF$5:$BF$1004,'Post Tracker'!$J$5:$J$1004,$B75,'Post Tracker'!$B$5:$B$1004,">="&$C$4,'Post Tracker'!$B$5:$B$1004,"<="&$F$4)) -> 0 | O75: =IF($B75="","",IFERROR(M75/K75,"")) | P75: =IF($B75="","",SUMIFS('Post Tracker'!$BH$5:$BH$1004,'Post Tracker'!$J$5:$J$1004,$B75,'Post Tracker'!$B$5:$B$1004,">="&$C$4,'Post Tracker'!$B$5:$B$1004,"<="&$F$4)) -> 0
B76: =IF(Settings!$I$15="","",Settings!$I$15) -> Revenue Cycle & Denials | C76: =IF($B76="","",COUNTIFS('Post Tracker'!$J$5:$J$1004,$B76,'Post Tracker'!$B$5:$B$1004,">="&$C$4,'Post Tracker'!$B$5:$B$1004,"<="&$F$4)) -> 6 | D76: =IF($B76="","",SUMIFS('Post Tracker'!$AC$5:$AC$1004,'Post Tracker'!$J$5:$J$1004,$B76,'Post Tracker'!$B$5:$B$1004,">="&$C$4,'Post Tracker'!$B$5:$B$1004,"<="&$F$4)) -> 39 | E76: =IF($B76="","",SUMIFS('Post Tracker'!$AO$5:$AO$1004,'Post Tracker'!$J$5:$J$1004,$B76,'Post Tracker'!$B$5:$B$1004,">="&$C$4,'Post Tracker'!$B$5:$B$1004,"<="&$F$4)) -> 39 | F76: =IF($B76="","",SUMIFS('Post Tracker'!$AR$5:$AR$1004,'Post Tracker'!$J$5:$J$1004,$B76,'Post Tracker'!$B$5:$B$1004,">="&$C$4,'Post Tracker'!$B$5:$B$1004,"<="&$F$4)) -> 22 | G76: =IF($B76="","",IFERROR(SUMIFS('Post Tracker'!$BP$5:$BP$1004,'Post Tracker'!$J$5:$J$1004,$B76,'Post Tracker'!$B$5:$B$1004,">="&$C$4,'Post Tracker'!$B$5:$B$1004,"<="&$F$4)/E76,"")) -> 0.051282051 | H76: =IF($B76="","",IFERROR(F76/SUMIFS('Post Tracker'!$BQ$5:$BQ$1004,'Post Tracker'!$J$5:$J$1004,$B76,'Post Tracker'!$B$5:$B$1004,">="&$C$4,'Post Tracker'!$B$5:$B$1004,"<="&$F$4),"")) -> 0.0040043684 | I76: =IF($B76="","",SUMIFS('Post Tracker'!$AJ$5:$AJ$1004,'Post Tracker'!$J$5:$J$1004,$B76,'Post Tracker'!$B$5:$B$1004,">="&$C$4,'Post Tracker'!$B$5:$B$1004,"<="&$F$4)) -> 0 | J76: =IF($B76="","",IFERROR(I76/D76,"")) -> 0 | K76: =IF($B76="","",SUMIFS('Post Tracker'!$AZ$5:$AZ$1004,'Post Tracker'!$J$5:$J$1004,$B76,'Post Tracker'!$B$5:$B$1004,">="&$C$4,'Post Tracker'!$B$5:$B$1004,"<="&$F$4)) -> 0 | L76: =IF($B76="","",SUMIFS('Post Tracker'!$BB$5:$BB$1004,'Post Tracker'!$J$5:$J$1004,$B76,'Post Tracker'!$B$5:$B$1004,">="&$C$4,'Post Tracker'!$B$5:$B$1004,"<="&$F$4)) -> 0 | M76: =IF($B76="","",SUMIFS('Post Tracker'!$BD$5:$BD$1004,'Post Tracker'!$J$5:$J$1004,$B76,'Post Tracker'!$B$5:$B$1004,">="&$C$4,'Post Tracker'!$B$5:$B$1004,"<="&$F$4)) -> 0 | N76: =IF($B76="","",SUMIFS('Post Tracker'!$BF$5:$BF$1004,'Post Tracker'!$J$5:$J$1004,$B76,'Post Tracker'!$B$5:$B$1004,">="&$C$4,'Post Tracker'!$B$5:$B$1004,"<="&$F$4)) -> 0 | O76: =IF($B76="","",IFERROR(M76/K76,"")) | P76: =IF($B76="","",SUMIFS('Post Tracker'!$BH$5:$BH$1004,'Post Tracker'!$J$5:$J$1004,$B76,'Post Tracker'!$B$5:$B$1004,">="&$C$4,'Post Tracker'!$B$5:$B$1004,"<="&$F$4)) -> 0
B77: =IF(Settings!$I$16="","",Settings!$I$16) | C77: =IF($B77="","",COUNTIFS('Post Tracker'!$J$5:$J$1004,$B77,'Post Tracker'!$B$5:$B$1004,">="&$C$4,'Post Tracker'!$B$5:$B$1004,"<="&$F$4)) | D77: =IF($B77="","",SUMIFS('Post Tracker'!$AC$5:$AC$1004,'Post Tracker'!$J$5:$J$1004,$B77,'Post Tracker'!$B$5:$B$1004,">="&$C$4,'Post Tracker'!$B$5:$B$1004,"<="&$F$4)) | E77: =IF($B77="","",SUMIFS('Post Tracker'!$AO$5:$AO$1004,'Post Tracker'!$J$5:$J$1004,$B77,'Post Tracker'!$B$5:$B$1004,">="&$C$4,'Post Tracker'!$B$5:$B$1004,"<="&$F$4)) | F77: =IF($B77="","",SUMIFS('Post Tracker'!$AR$5:$AR$1004,'Post Tracker'!$J$5:$J$1004,$B77,'Post Tracker'!$B$5:$B$1004,">="&$C$4,'Post Tracker'!$B$5:$B$1004,"<="&$F$4)) | G77: =IF($B77="","",IFERROR(SUMIFS('Post Tracker'!$BP$5:$BP$1004,'Post Tracker'!$J$5:$J$1004,$B77,'Post Tracker'!$B$5:$B$1004,">="&$C$4,'Post Tracker'!$B$5:$B$1004,"<="&$F$4)/E77,"")) | H77: =IF($B77="","",IFERROR(F77/SUMIFS('Post Tracker'!$BQ$5:$BQ$1004,'Post Tracker'!$J$5:$J$1004,$B77,'Post Tracker'!$B$5:$B$1004,">="&$C$4,'Post Tracker'!$B$5:$B$1004,"<="&$F$4),"")) | I77: =IF($B77="","",SUMIFS('Post Tracker'!$AJ$5:$AJ$1004,'Post Tracker'!$J$5:$J$1004,$B77,'Post Tracker'!$B$5:$B$1004,">="&$C$4,'Post Tracker'!$B$5:$B$1004,"<="&$F$4)) | J77: =IF($B77="","",IFERROR(I77/D77,"")) | K77: =IF($B77="","",SUMIFS('Post Tracker'!$AZ$5:$AZ$1004,'Post Tracker'!$J$5:$J$1004,$B77,'Post Tracker'!$B$5:$B$1004,">="&$C$4,'Post Tracker'!$B$5:$B$1004,"<="&$F$4)) | L77: =IF($B77="","",SUMIFS('Post Tracker'!$BB$5:$BB$1004,'Post Tracker'!$J$5:$J$1004,$B77,'Post Tracker'!$B$5:$B$1004,">="&$C$4,'Post Tracker'!$B$5:$B$1004,"<="&$F$4)) | M77: =IF($B77="","",SUMIFS('Post Tracker'!$BD$5:$BD$1004,'Post Tracker'!$J$5:$J$1004,$B77,'Post Tracker'!$B$5:$B$1004,">="&$C$4,'Post Tracker'!$B$5:$B$1004,"<="&$F$4)) | N77: =IF($B77="","",SUMIFS('Post Tracker'!$BF$5:$BF$1004,'Post Tracker'!$J$5:$J$1004,$B77,'Post Tracker'!$B$5:$B$1004,">="&$C$4,'Post Tracker'!$B$5:$B$1004,"<="&$F$4)) | O77: =IF($B77="","",IFERROR(M77/K77,"")) | P77: =IF($B77="","",SUMIFS('Post Tracker'!$BH$5:$BH$1004,'Post Tracker'!$J$5:$J$1004,$B77,'Post Tracker'!$B$5:$B$1004,">="&$C$4,'Post Tracker'!$B$5:$B$1004,"<="&$F$4))
B78: =IF(Settings!$I$17="","",Settings!$I$17) | C78: =IF($B78="","",COUNTIFS('Post Tracker'!$J$5:$J$1004,$B78,'Post Tracker'!$B$5:$B$1004,">="&$C$4,'Post Tracker'!$B$5:$B$1004,"<="&$F$4)) | D78: =IF($B78="","",SUMIFS('Post Tracker'!$AC$5:$AC$1004,'Post Tracker'!$J$5:$J$1004,$B78,'Post Tracker'!$B$5:$B$1004,">="&$C$4,'Post Tracker'!$B$5:$B$1004,"<="&$F$4)) | E78: =IF($B78="","",SUMIFS('Post Tracker'!$AO$5:$AO$1004,'Post Tracker'!$J$5:$J$1004,$B78,'Post Tracker'!$B$5:$B$1004,">="&$C$4,'Post Tracker'!$B$5:$B$1004,"<="&$F$4)) | F78: =IF($B78="","",SUMIFS('Post Tracker'!$AR$5:$AR$1004,'Post Tracker'!$J$5:$J$1004,$B78,'Post Tracker'!$B$5:$B$1004,">="&$C$4,'Post Tracker'!$B$5:$B$1004,"<="&$F$4)) | G78: =IF($B78="","",IFERROR(SUMIFS('Post Tracker'!$BP$5:$BP$1004,'Post Tracker'!$J$5:$J$1004,$B78,'Post Tracker'!$B$5:$B$1004,">="&$C$4,'Post Tracker'!$B$5:$B$1004,"<="&$F$4)/E78,"")) | H78: =IF($B78="","",IFERROR(F78/SUMIFS('Post Tracker'!$BQ$5:$BQ$1004,'Post Tracker'!$J$5:$J$1004,$B78,'Post Tracker'!$B$5:$B$1004,">="&$C$4,'Post Tracker'!$B$5:$B$1004,"<="&$F$4),"")) | I78: =IF($B78="","",SUMIFS('Post Tracker'!$AJ$5:$AJ$1004,'Post Tracker'!$J$5:$J$1004,$B78,'Post Tracker'!$B$5:$B$1004,">="&$C$4,'Post Tracker'!$B$5:$B$1004,"<="&$F$4)) | J78: =IF($B78="","",IFERROR(I78/D78,"")) | K78: =IF($B78="","",SUMIFS('Post Tracker'!$AZ$5:$AZ$1004,'Post Tracker'!$J$5:$J$1004,$B78,'Post Tracker'!$B$5:$B$1004,">="&$C$4,'Post Tracker'!$B$5:$B$1004,"<="&$F$4)) | L78: =IF($B78="","",SUMIFS('Post Tracker'!$BB$5:$BB$1004,'Post Tracker'!$J$5:$J$1004,$B78,'Post Tracker'!$B$5:$B$1004,">="&$C$4,'Post Tracker'!$B$5:$B$1004,"<="&$F$4)) | M78: =IF($B78="","",SUMIFS('Post Tracker'!$BD$5:$BD$1004,'Post Tracker'!$J$5:$J$1004,$B78,'Post Tracker'!$B$5:$B$1004,">="&$C$4,'Post Tracker'!$B$5:$B$1004,"<="&$F$4)) | N78: =IF($B78="","",SUMIFS('Post Tracker'!$BF$5:$BF$1004,'Post Tracker'!$J$5:$J$1004,$B78,'Post Tracker'!$B$5:$B$1004,">="&$C$4,'Post Tracker'!$B$5:$B$1004,"<="&$F$4)) | O78: =IF($B78="","",IFERROR(M78/K78,"")) | P78: =IF($B78="","",SUMIFS('Post Tracker'!$BH$5:$BH$1004,'Post Tracker'!$J$5:$J$1004,$B78,'Post Tracker'!$B$5:$B$1004,">="&$C$4,'Post Tracker'!$B$5:$B$1004,"<="&$F$4))
B80: By Case Study (first 15 on the Case Studies sheet) | E80: Full all-time list with totals lives on the Case Studies sheet.
C81: Posts | D81: Impressions | E81: Reach | F81: Engagements | G81: Eng. Rate (Reach) | H81: Eng. Rate (Followers) | I81: Link Clicks | J81: CTR | K81: Sessions | L81: Demo Page Visits | M81: Demos Booked | N81: Qualified Demos | O81: Session → Booked % | P81: Pipeline ($)
B82: =IF('Case Studies'!$B$5="","",'Case Studies'!$B$5) | C82: =IF($B82="","",COUNTIFS('Post Tracker'!$K$5:$K$1004,$B82,'Post Tracker'!$B$5:$B$1004,">="&$C$4,'Post Tracker'!$B$5:$B$1004,"<="&$F$4)) | D82: =IF($B82="","",SUMIFS('Post Tracker'!$AC$5:$AC$1004,'Post Tracker'!$K$5:$K$1004,$B82,'Post Tracker'!$B$5:$B$1004,">="&$C$4,'Post Tracker'!$B$5:$B$1004,"<="&$F$4)) | E82: =IF($B82="","",SUMIFS('Post Tracker'!$AO$5:$AO$1004,'Post Tracker'!$K$5:$K$1004,$B82,'Post Tracker'!$B$5:$B$1004,">="&$C$4,'Post Tracker'!$B$5:$B$1004,"<="&$F$4)) | F82: =IF($B82="","",SUMIFS('Post Tracker'!$AR$5:$AR$1004,'Post Tracker'!$K$5:$K$1004,$B82,'Post Tracker'!$B$5:$B$1004,">="&$C$4,'Post Tracker'!$B$5:$B$1004,"<="&$F$4)) | G82: =IF($B82="","",IFERROR(SUMIFS('Post Tracker'!$BP$5:$BP$1004,'Post Tracker'!$K$5:$K$1004,$B82,'Post Tracker'!$B$5:$B$1004,">="&$C$4,'Post Tracker'!$B$5:$B$1004,"<="&$F$4)/E82,"")) | H82: =IF($B82="","",IFERROR(F82/SUMIFS('Post Tracker'!$BQ$5:$BQ$1004,'Post Tracker'!$K$5:$K$1004,$B82,'Post Tracker'!$B$5:$B$1004,">="&$C$4,'Post Tracker'!$B$5:$B$1004,"<="&$F$4),"")) | I82: =IF($B82="","",SUMIFS('Post Tracker'!$AJ$5:$AJ$1004,'Post Tracker'!$K$5:$K$1004,$B82,'Post Tracker'!$B$5:$B$1004,">="&$C$4,'Post Tracker'!$B$5:$B$1004,"<="&$F$4)) | J82: =IF($B82="","",IFERROR(I82/D82,"")) | K82: =IF($B82="","",SUMIFS('Post Tracker'!$AZ$5:$AZ$1004,'Post Tracker'!$K$5:$K$1004,$B82,'Post Tracker'!$B$5:$B$1004,">="&$C$4,'Post Tracker'!$B$5:$B$1004,"<="&$F$4)) | L82: =IF($B82="","",SUMIFS('Post Tracker'!$BB$5:$BB$1004,'Post Tracker'!$K$5:$K$1004,$B82,'Post Tracker'!$B$5:$B$1004,">="&$C$4,'Post Tracker'!$B$5:$B$1004,"<="&$F$4)) | M82: =IF($B82="","",SUMIFS('Post Tracker'!$BD$5:$BD$1004,'Post Tracker'!$K$5:$K$1004,$B82,'Post Tracker'!$B$5:$B$1004,">="&$C$4,'Post Tracker'!$B$5:$B$1004,"<="&$F$4)) | N82: =IF($B82="","",SUMIFS('Post Tracker'!$BF$5:$BF$1004,'Post Tracker'!$K$5:$K$1004,$B82,'Post Tracker'!$B$5:$B$1004,">="&$C$4,'Post Tracker'!$B$5:$B$1004,"<="&$F$4)) | O82: =IF($B82="","",IFERROR(M82/K82,"")) | P82: =IF($B82="","",SUMIFS('Post Tracker'!$BH$5:$BH$1004,'Post Tracker'!$K$5:$K$1004,$B82,'Post Tracker'!$B$5:$B$1004,">="&$C$4,'Post Tracker'!$B$5:$B$1004,"<="&$F$4))
B83: =IF('Case Studies'!$B$6="","",'Case Studies'!$B$6) | C83: =IF($B83="","",COUNTIFS('Post Tracker'!$K$5:$K$1004,$B83,'Post Tracker'!$B$5:$B$1004,">="&$C$4,'Post Tracker'!$B$5:$B$1004,"<="&$F$4)) | D83: =IF($B83="","",SUMIFS('Post Tracker'!$AC$5:$AC$1004,'Post Tracker'!$K$5:$K$1004,$B83,'Post Tracker'!$B$5:$B$1004,">="&$C$4,'Post Tracker'!$B$5:$B$1004,"<="&$F$4)) | E83: =IF($B83="","",SUMIFS('Post Tracker'!$AO$5:$AO$1004,'Post Tracker'!$K$5:$K$1004,$B83,'Post Tracker'!$B$5:$B$1004,">="&$C$4,'Post Tracker'!$B$5:$B$1004,"<="&$F$4)) | F83: =IF($B83="","",SUMIFS('Post Tracker'!$AR$5:$AR$1004,'Post Tracker'!$K$5:$K$1004,$B83,'Post Tracker'!$B$5:$B$1004,">="&$C$4,'Post Tracker'!$B$5:$B$1004,"<="&$F$4)) | G83: =IF($B83="","",IFERROR(SUMIFS('Post Tracker'!$BP$5:$BP$1004,'Post Tracker'!$K$5:$K$1004,$B83,'Post Tracker'!$B$5:$B$1004,">="&$C$4,'Post Tracker'!$B$5:$B$1004,"<="&$F$4)/E83,"")) | H83: =IF($B83="","",IFERROR(F83/SUMIFS('Post Tracker'!$BQ$5:$BQ$1004,'Post Tracker'!$K$5:$K$1004,$B83,'Post Tracker'!$B$5:$B$1004,">="&$C$4,'Post Tracker'!$B$5:$B$1004,"<="&$F$4),"")) | I83: =IF($B83="","",SUMIFS('Post Tracker'!$AJ$5:$AJ$1004,'Post Tracker'!$K$5:$K$1004,$B83,'Post Tracker'!$B$5:$B$1004,">="&$C$4,'Post Tracker'!$B$5:$B$1004,"<="&$F$4)) | J83: =IF($B83="","",IFERROR(I83/D83,"")) | K83: =IF($B83="","",SUMIFS('Post Tracker'!$AZ$5:$AZ$1004,'Post Tracker'!$K$5:$K$1004,$B83,'Post Tracker'!$B$5:$B$1004,">="&$C$4,'Post Tracker'!$B$5:$B$1004,"<="&$F$4)) | L83: =IF($B83="","",SUMIFS('Post Tracker'!$BB$5:$BB$1004,'Post Tracker'!$K$5:$K$1004,$B83,'Post Tracker'!$B$5:$B$1004,">="&$C$4,'Post Tracker'!$B$5:$B$1004,"<="&$F$4)) | M83: =IF($B83="","",SUMIFS('Post Tracker'!$BD$5:$BD$1004,'Post Tracker'!$K$5:$K$1004,$B83,'Post Tracker'!$B$5:$B$1004,">="&$C$4,'Post Tracker'!$B$5:$B$1004,"<="&$F$4)) | N83: =IF($B83="","",SUMIFS('Post Tracker'!$BF$5:$BF$1004,'Post Tracker'!$K$5:$K$1004,$B83,'Post Tracker'!$B$5:$B$1004,">="&$C$4,'Post Tracker'!$B$5:$B$1004,"<="&$F$4)) | O83: =IF($B83="","",IFERROR(M83/K83,"")) | P83: =IF($B83="","",SUMIFS('Post Tracker'!$BH$5:$BH$1004,'Post Tracker'!$K$5:$K$1004,$B83,'Post Tracker'!$B$5:$B$1004,">="&$C$4,'Post Tracker'!$B$5:$B$1004,"<="&$F$4))
B84: =IF('Case Studies'!$B$7="","",'Case Studies'!$B$7) | C84: =IF($B84="","",COUNTIFS('Post Tracker'!$K$5:$K$1004,$B84,'Post Tracker'!$B$5:$B$1004,">="&$C$4,'Post Tracker'!$B$5:$B$1004,"<="&$F$4)) | D84: =IF($B84="","",SUMIFS('Post Tracker'!$AC$5:$AC$1004,'Post Tracker'!$K$5:$K$1004,$B84,'Post Tracker'!$B$5:$B$1004,">="&$C$4,'Post Tracker'!$B$5:$B$1004,"<="&$F$4)) | E84: =IF($B84="","",SUMIFS('Post Tracker'!$AO$5:$AO$1004,'Post Tracker'!$K$5:$K$1004,$B84,'Post Tracker'!$B$5:$B$1004,">="&$C$4,'Post Tracker'!$B$5:$B$1004,"<="&$F$4)) | F84: =IF($B84="","",SUMIFS('Post Tracker'!$AR$5:$AR$1004,'Post Tracker'!$K$5:$K$1004,$B84,'Post Tracker'!$B$5:$B$1004,">="&$C$4,'Post Tracker'!$B$5:$B$1004,"<="&$F$4)) | G84: =IF($B84="","",IFERROR(SUMIFS('Post Tracker'!$BP$5:$BP$1004,'Post Tracker'!$K$5:$K$1004,$B84,'Post Tracker'!$B$5:$B$1004,">="&$C$4,'Post Tracker'!$B$5:$B$1004,"<="&$F$4)/E84,"")) | H84: =IF($B84="","",IFERROR(F84/SUMIFS('Post Tracker'!$BQ$5:$BQ$1004,'Post Tracker'!$K$5:$K$1004,$B84,'Post Tracker'!$B$5:$B$1004,">="&$C$4,'Post Tracker'!$B$5:$B$1004,"<="&$F$4),"")) | I84: =IF($B84="","",SUMIFS('Post Tracker'!$AJ$5:$AJ$1004,'Post Tracker'!$K$5:$K$1004,$B84,'Post Tracker'!$B$5:$B$1004,">="&$C$4,'Post Tracker'!$B$5:$B$1004,"<="&$F$4)) | J84: =IF($B84="","",IFERROR(I84/D84,"")) | K84: =IF($B84="","",SUMIFS('Post Tracker'!$AZ$5:$AZ$1004,'Post Tracker'!$K$5:$K$1004,$B84,'Post Tracker'!$B$5:$B$1004,">="&$C$4,'Post Tracker'!$B$5:$B$1004,"<="&$F$4)) | L84: =IF($B84="","",SUMIFS('Post Tracker'!$BB$5:$BB$1004,'Post Tracker'!$K$5:$K$1004,$B84,'Post Tracker'!$B$5:$B$1004,">="&$C$4,'Post Tracker'!$B$5:$B$1004,"<="&$F$4)) | M84: =IF($B84="","",SUMIFS('Post Tracker'!$BD$5:$BD$1004,'Post Tracker'!$K$5:$K$1004,$B84,'Post Tracker'!$B$5:$B$1004,">="&$C$4,'Post Tracker'!$B$5:$B$1004,"<="&$F$4)) | N84: =IF($B84="","",SUMIFS('Post Tracker'!$BF$5:$BF$1004,'Post Tracker'!$K$5:$K$1004,$B84,'Post Tracker'!$B$5:$B$1004,">="&$C$4,'Post Tracker'!$B$5:$B$1004,"<="&$F$4)) | O84: =IF($B84="","",IFERROR(M84/K84,"")) | P84: =IF($B84="","",SUMIFS('Post Tracker'!$BH$5:$BH$1004,'Post Tracker'!$K$5:$K$1004,$B84,'Post Tracker'!$B$5:$B$1004,">="&$C$4,'Post Tracker'!$B$5:$B$1004,"<="&$F$4))
B85: =IF('Case Studies'!$B$8="","",'Case Studies'!$B$8) | C85: =IF($B85="","",COUNTIFS('Post Tracker'!$K$5:$K$1004,$B85,'Post Tracker'!$B$5:$B$1004,">="&$C$4,'Post Tracker'!$B$5:$B$1004,"<="&$F$4)) | D85: =IF($B85="","",SUMIFS('Post Tracker'!$AC$5:$AC$1004,'Post Tracker'!$K$5:$K$1004,$B85,'Post Tracker'!$B$5:$B$1004,">="&$C$4,'Post Tracker'!$B$5:$B$1004,"<="&$F$4)) | E85: =IF($B85="","",SUMIFS('Post Tracker'!$AO$5:$AO$1004,'Post Tracker'!$K$5:$K$1004,$B85,'Post Tracker'!$B$5:$B$1004,">="&$C$4,'Post Tracker'!$B$5:$B$1004,"<="&$F$4)) | F85: =IF($B85="","",SUMIFS('Post Tracker'!$AR$5:$AR$1004,'Post Tracker'!$K$5:$K$1004,$B85,'Post Tracker'!$B$5:$B$1004,">="&$C$4,'Post Tracker'!$B$5:$B$1004,"<="&$F$4)) | G85: =IF($B85="","",IFERROR(SUMIFS('Post Tracker'!$BP$5:$BP$1004,'Post Tracker'!$K$5:$K$1004,$B85,'Post Tracker'!$B$5:$B$1004,">="&$C$4,'Post Tracker'!$B$5:$B$1004,"<="&$F$4)/E85,"")) | H85: =IF($B85="","",IFERROR(F85/SUMIFS('Post Tracker'!$BQ$5:$BQ$1004,'Post Tracker'!$K$5:$K$1004,$B85,'Post Tracker'!$B$5:$B$1004,">="&$C$4,'Post Tracker'!$B$5:$B$1004,"<="&$F$4),"")) | I85: =IF($B85="","",SUMIFS('Post Tracker'!$AJ$5:$AJ$1004,'Post Tracker'!$K$5:$K$1004,$B85,'Post Tracker'!$B$5:$B$1004,">="&$C$4,'Post Tracker'!$B$5:$B$1004,"<="&$F$4)) | J85: =IF($B85="","",IFERROR(I85/D85,"")) | K85: =IF($B85="","",SUMIFS('Post Tracker'!$AZ$5:$AZ$1004,'Post Tracker'!$K$5:$K$1004,$B85,'Post Tracker'!$B$5:$B$1004,">="&$C$4,'Post Tracker'!$B$5:$B$1004,"<="&$F$4)) | L85: =IF($B85="","",SUMIFS('Post Tracker'!$BB$5:$BB$1004,'Post Tracker'!$K$5:$K$1004,$B85,'Post Tracker'!$B$5:$B$1004,">="&$C$4,'Post Tracker'!$B$5:$B$1004,"<="&$F$4)) | M85: =IF($B85="","",SUMIFS('Post Tracker'!$BD$5:$BD$1004,'Post Tracker'!$K$5:$K$1004,$B85,'Post Tracker'!$B$5:$B$1004,">="&$C$4,'Post Tracker'!$B$5:$B$1004,"<="&$F$4)) | N85: =IF($B85="","",SUMIFS('Post Tracker'!$BF$5:$BF$1004,'Post Tracker'!$K$5:$K$1004,$B85,'Post Tracker'!$B$5:$B$1004,">="&$C$4,'Post Tracker'!$B$5:$B$1004,"<="&$F$4)) | O85: =IF($B85="","",IFERROR(M85/K85,"")) | P85: =IF($B85="","",SUMIFS('Post Tracker'!$BH$5:$BH$1004,'Post Tracker'!$K$5:$K$1004,$B85,'Post Tracker'!$B$5:$B$1004,">="&$C$4,'Post Tracker'!$B$5:$B$1004,"<="&$F$4))
B86: =IF('Case Studies'!$B$9="","",'Case Studies'!$B$9) | C86: =IF($B86="","",COUNTIFS('Post Tracker'!$K$5:$K$1004,$B86,'Post Tracker'!$B$5:$B$1004,">="&$C$4,'Post Tracker'!$B$5:$B$1004,"<="&$F$4)) | D86: =IF($B86="","",SUMIFS('Post Tracker'!$AC$5:$AC$1004,'Post Tracker'!$K$5:$K$1004,$B86,'Post Tracker'!$B$5:$B$1004,">="&$C$4,'Post Tracker'!$B$5:$B$1004,"<="&$F$4)) | E86: =IF($B86="","",SUMIFS('Post Tracker'!$AO$5:$AO$1004,'Post Tracker'!$K$5:$K$1004,$B86,'Post Tracker'!$B$5:$B$1004,">="&$C$4,'Post Tracker'!$B$5:$B$1004,"<="&$F$4)) | F86: =IF($B86="","",SUMIFS('Post Tracker'!$AR$5:$AR$1004,'Post Tracker'!$K$5:$K$1004,$B86,'Post Tracker'!$B$5:$B$1004,">="&$C$4,'Post Tracker'!$B$5:$B$1004,"<="&$F$4)) | G86: =IF($B86="","",IFERROR(SUMIFS('Post Tracker'!$BP$5:$BP$1004,'Post Tracker'!$K$5:$K$1004,$B86,'Post Tracker'!$B$5:$B$1004,">="&$C$4,'Post Tracker'!$B$5:$B$1004,"<="&$F$4)/E86,"")) | H86: =IF($B86="","",IFERROR(F86/SUMIFS('Post Tracker'!$BQ$5:$BQ$1004,'Post Tracker'!$K$5:$K$1004,$B86,'Post Tracker'!$B$5:$B$1004,">="&$C$4,'Post Tracker'!$B$5:$B$1004,"<="&$F$4),"")) | I86: =IF($B86="","",SUMIFS('Post Tracker'!$AJ$5:$AJ$1004,'Post Tracker'!$K$5:$K$1004,$B86,'Post Tracker'!$B$5:$B$1004,">="&$C$4,'Post Tracker'!$B$5:$B$1004,"<="&$F$4)) | J86: =IF($B86="","",IFERROR(I86/D86,"")) | K86: =IF($B86="","",SUMIFS('Post Tracker'!$AZ$5:$AZ$1004,'Post Tracker'!$K$5:$K$1004,$B86,'Post Tracker'!$B$5:$B$1004,">="&$C$4,'Post Tracker'!$B$5:$B$1004,"<="&$F$4)) | L86: =IF($B86="","",SUMIFS('Post Tracker'!$BB$5:$BB$1004,'Post Tracker'!$K$5:$K$1004,$B86,'Post Tracker'!$B$5:$B$1004,">="&$C$4,'Post Tracker'!$B$5:$B$1004,"<="&$F$4)) | M86: =IF($B86="","",SUMIFS('Post Tracker'!$BD$5:$BD$1004,'Post Tracker'!$K$5:$K$1004,$B86,'Post Tracker'!$B$5:$B$1004,">="&$C$4,'Post Tracker'!$B$5:$B$1004,"<="&$F$4)) | N86: =IF($B86="","",SUMIFS('Post Tracker'!$BF$5:$BF$1004,'Post Tracker'!$K$5:$K$1004,$B86,'Post Tracker'!$B$5:$B$1004,">="&$C$4,'Post Tracker'!$B$5:$B$1004,"<="&$F$4)) | O86: =IF($B86="","",IFERROR(M86/K86,"")) | P86: =IF($B86="","",SUMIFS('Post Tracker'!$BH$5:$BH$1004,'Post Tracker'!$K$5:$K$1004,$B86,'Post Tracker'!$B$5:$B$1004,">="&$C$4,'Post Tracker'!$B$5:$B$1004,"<="&$F$4))
B87: =IF('Case Studies'!$B$10="","",'Case Studies'!$B$10) | C87: =IF($B87="","",COUNTIFS('Post Tracker'!$K$5:$K$1004,$B87,'Post Tracker'!$B$5:$B$1004,">="&$C$4,'Post Tracker'!$B$5:$B$1004,"<="&$F$4)) | D87: =IF($B87="","",SUMIFS('Post Tracker'!$AC$5:$AC$1004,'Post Tracker'!$K$5:$K$1004,$B87,'Post Tracker'!$B$5:$B$1004,">="&$C$4,'Post Tracker'!$B$5:$B$1004,"<="&$F$4)) | E87: =IF($B87="","",SUMIFS('Post Tracker'!$AO$5:$AO$1004,'Post Tracker'!$K$5:$K$1004,$B87,'Post Tracker'!$B$5:$B$1004,">="&$C$4,'Post Tracker'!$B$5:$B$1004,"<="&$F$4)) | F87: =IF($B87="","",SUMIFS('Post Tracker'!$AR$5:$AR$1004,'Post Tracker'!$K$5:$K$1004,$B87,'Post Tracker'!$B$5:$B$1004,">="&$C$4,'Post Tracker'!$B$5:$B$1004,"<="&$F$4)) | G87: =IF($B87="","",IFERROR(SUMIFS('Post Tracker'!$BP$5:$BP$1004,'Post Tracker'!$K$5:$K$1004,$B87,'Post Tracker'!$B$5:$B$1004,">="&$C$4,'Post Tracker'!$B$5:$B$1004,"<="&$F$4)/E87,"")) | H87: =IF($B87="","",IFERROR(F87/SUMIFS('Post Tracker'!$BQ$5:$BQ$1004,'Post Tracker'!$K$5:$K$1004,$B87,'Post Tracker'!$B$5:$B$1004,">="&$C$4,'Post Tracker'!$B$5:$B$1004,"<="&$F$4),"")) | I87: =IF($B87="","",SUMIFS('Post Tracker'!$AJ$5:$AJ$1004,'Post Tracker'!$K$5:$K$1004,$B87,'Post Tracker'!$B$5:$B$1004,">="&$C$4,'Post Tracker'!$B$5:$B$1004,"<="&$F$4)) | J87: =IF($B87="","",IFERROR(I87/D87,"")) | K87: =IF($B87="","",SUMIFS('Post Tracker'!$AZ$5:$AZ$1004,'Post Tracker'!$K$5:$K$1004,$B87,'Post Tracker'!$B$5:$B$1004,">="&$C$4,'Post Tracker'!$B$5:$B$1004,"<="&$F$4)) | L87: =IF($B87="","",SUMIFS('Post Tracker'!$BB$5:$BB$1004,'Post Tracker'!$K$5:$K$1004,$B87,'Post Tracker'!$B$5:$B$1004,">="&$C$4,'Post Tracker'!$B$5:$B$1004,"<="&$F$4)) | M87: =IF($B87="","",SUMIFS('Post Tracker'!$BD$5:$BD$1004,'Post Tracker'!$K$5:$K$1004,$B87,'Post Tracker'!$B$5:$B$1004,">="&$C$4,'Post Tracker'!$B$5:$B$1004,"<="&$F$4)) | N87: =IF($B87="","",SUMIFS('Post Tracker'!$BF$5:$BF$1004,'Post Tracker'!$K$5:$K$1004,$B87,'Post Tracker'!$B$5:$B$1004,">="&$C$4,'Post Tracker'!$B$5:$B$1004,"<="&$F$4)) | O87: =IF($B87="","",IFERROR(M87/K87,"")) | P87: =IF($B87="","",SUMIFS('Post Tracker'!$BH$5:$BH$1004,'Post Tracker'!$K$5:$K$1004,$B87,'Post Tracker'!$B$5:$B$1004,">="&$C$4,'Post Tracker'!$B$5:$B$1004,"<="&$F$4))
B88: =IF('Case Studies'!$B$11="","",'Case Studies'!$B$11) | C88: =IF($B88="","",COUNTIFS('Post Tracker'!$K$5:$K$1004,$B88,'Post Tracker'!$B$5:$B$1004,">="&$C$4,'Post Tracker'!$B$5:$B$1004,"<="&$F$4)) | D88: =IF($B88="","",SUMIFS('Post Tracker'!$AC$5:$AC$1004,'Post Tracker'!$K$5:$K$1004,$B88,'Post Tracker'!$B$5:$B$1004,">="&$C$4,'Post Tracker'!$B$5:$B$1004,"<="&$F$4)) | E88: =IF($B88="","",SUMIFS('Post Tracker'!$AO$5:$AO$1004,'Post Tracker'!$K$5:$K$1004,$B88,'Post Tracker'!$B$5:$B$1004,">="&$C$4,'Post Tracker'!$B$5:$B$1004,"<="&$F$4)) | F88: =IF($B88="","",SUMIFS('Post Tracker'!$AR$5:$AR$1004,'Post Tracker'!$K$5:$K$1004,$B88,'Post Tracker'!$B$5:$B$1004,">="&$C$4,'Post Tracker'!$B$5:$B$1004,"<="&$F$4)) | G88: =IF($B88="","",IFERROR(SUMIFS('Post Tracker'!$BP$5:$BP$1004,'Post Tracker'!$K$5:$K$1004,$B88,'Post Tracker'!$B$5:$B$1004,">="&$C$4,'Post Tracker'!$B$5:$B$1004,"<="&$F$4)/E88,"")) | H88: =IF($B88="","",IFERROR(F88/SUMIFS('Post Tracker'!$BQ$5:$BQ$1004,'Post Tracker'!$K$5:$K$1004,$B88,'Post Tracker'!$B$5:$B$1004,">="&$C$4,'Post Tracker'!$B$5:$B$1004,"<="&$F$4),"")) | I88: =IF($B88="","",SUMIFS('Post Tracker'!$AJ$5:$AJ$1004,'Post Tracker'!$K$5:$K$1004,$B88,'Post Tracker'!$B$5:$B$1004,">="&$C$4,'Post Tracker'!$B$5:$B$1004,"<="&$F$4)) | J88: =IF($B88="","",IFERROR(I88/D88,"")) | K88: =IF($B88="","",SUMIFS('Post Tracker'!$AZ$5:$AZ$1004,'Post Tracker'!$K$5:$K$1004,$B88,'Post Tracker'!$B$5:$B$1004,">="&$C$4,'Post Tracker'!$B$5:$B$1004,"<="&$F$4)) | L88: =IF($B88="","",SUMIFS('Post Tracker'!$BB$5:$BB$1004,'Post Tracker'!$K$5:$K$1004,$B88,'Post Tracker'!$B$5:$B$1004,">="&$C$4,'Post Tracker'!$B$5:$B$1004,"<="&$F$4)) | M88: =IF($B88="","",SUMIFS('Post Tracker'!$BD$5:$BD$1004,'Post Tracker'!$K$5:$K$1004,$B88,'Post Tracker'!$B$5:$B$1004,">="&$C$4,'Post Tracker'!$B$5:$B$1004,"<="&$F$4)) | N88: =IF($B88="","",SUMIFS('Post Tracker'!$BF$5:$BF$1004,'Post Tracker'!$K$5:$K$1004,$B88,'Post Tracker'!$B$5:$B$1004,">="&$C$4,'Post Tracker'!$B$5:$B$1004,"<="&$F$4)) | O88: =IF($B88="","",IFERROR(M88/K88,"")) | P88: =IF($B88="","",SUMIFS('Post Tracker'!$BH$5:$BH$1004,'Post Tracker'!$K$5:$K$1004,$B88,'Post Tracker'!$B$5:$B$1004,">="&$C$4,'Post Tracker'!$B$5:$B$1004,"<="&$F$4))
B89: =IF('Case Studies'!$B$12="","",'Case Studies'!$B$12) | C89: =IF($B89="","",COUNTIFS('Post Tracker'!$K$5:$K$1004,$B89,'Post Tracker'!$B$5:$B$1004,">="&$C$4,'Post Tracker'!$B$5:$B$1004,"<="&$F$4)) | D89: =IF($B89="","",SUMIFS('Post Tracker'!$AC$5:$AC$1004,'Post Tracker'!$K$5:$K$1004,$B89,'Post Tracker'!$B$5:$B$1004,">="&$C$4,'Post Tracker'!$B$5:$B$1004,"<="&$F$4)) | E89: =IF($B89="","",SUMIFS('Post Tracker'!$AO$5:$AO$1004,'Post Tracker'!$K$5:$K$1004,$B89,'Post Tracker'!$B$5:$B$1004,">="&$C$4,'Post Tracker'!$B$5:$B$1004,"<="&$F$4)) | F89: =IF($B89="","",SUMIFS('Post Tracker'!$AR$5:$AR$1004,'Post Tracker'!$K$5:$K$1004,$B89,'Post Tracker'!$B$5:$B$1004,">="&$C$4,'Post Tracker'!$B$5:$B$1004,"<="&$F$4)) | G89: =IF($B89="","",IFERROR(SUMIFS('Post Tracker'!$BP$5:$BP$1004,'Post Tracker'!$K$5:$K$1004,$B89,'Post Tracker'!$B$5:$B$1004,">="&$C$4,'Post Tracker'!$B$5:$B$1004,"<="&$F$4)/E89,"")) | H89: =IF($B89="","",IFERROR(F89/SUMIFS('Post Tracker'!$BQ$5:$BQ$1004,'Post Tracker'!$K$5:$K$1004,$B89,'Post Tracker'!$B$5:$B$1004,">="&$C$4,'Post Tracker'!$B$5:$B$1004,"<="&$F$4),"")) | I89: =IF($B89="","",SUMIFS('Post Tracker'!$AJ$5:$AJ$1004,'Post Tracker'!$K$5:$K$1004,$B89,'Post Tracker'!$B$5:$B$1004,">="&$C$4,'Post Tracker'!$B$5:$B$1004,"<="&$F$4)) | J89: =IF($B89="","",IFERROR(I89/D89,"")) | K89: =IF($B89="","",SUMIFS('Post Tracker'!$AZ$5:$AZ$1004,'Post Tracker'!$K$5:$K$1004,$B89,'Post Tracker'!$B$5:$B$1004,">="&$C$4,'Post Tracker'!$B$5:$B$1004,"<="&$F$4)) | L89: =IF($B89="","",SUMIFS('Post Tracker'!$BB$5:$BB$1004,'Post Tracker'!$K$5:$K$1004,$B89,'Post Tracker'!$B$5:$B$1004,">="&$C$4,'Post Tracker'!$B$5:$B$1004,"<="&$F$4)) | M89: =IF($B89="","",SUMIFS('Post Tracker'!$BD$5:$BD$1004,'Post Tracker'!$K$5:$K$1004,$B89,'Post Tracker'!$B$5:$B$1004,">="&$C$4,'Post Tracker'!$B$5:$B$1004,"<="&$F$4)) | N89: =IF($B89="","",SUMIFS('Post Tracker'!$BF$5:$BF$1004,'Post Tracker'!$K$5:$K$1004,$B89,'Post Tracker'!$B$5:$B$1004,">="&$C$4,'Post Tracker'!$B$5:$B$1004,"<="&$F$4)) | O89: =IF($B89="","",IFERROR(M89/K89,"")) | P89: =IF($B89="","",SUMIFS('Post Tracker'!$BH$5:$BH$1004,'Post Tracker'!$K$5:$K$1004,$B89,'Post Tracker'!$B$5:$B$1004,">="&$C$4,'Post Tracker'!$B$5:$B$1004,"<="&$F$4))
B90: =IF('Case Studies'!$B$13="","",'Case Studies'!$B$13) | C90: =IF($B90="","",COUNTIFS('Post Tracker'!$K$5:$K$1004,$B90,'Post Tracker'!$B$5:$B$1004,">="&$C$4,'Post Tracker'!$B$5:$B$1004,"<="&$F$4)) | D90: =IF($B90="","",SUMIFS('Post Tracker'!$AC$5:$AC$1004,'Post Tracker'!$K$5:$K$1004,$B90,'Post Tracker'!$B$5:$B$1004,">="&$C$4,'Post Tracker'!$B$5:$B$1004,"<="&$F$4)) | E90: =IF($B90="","",SUMIFS('Post Tracker'!$AO$5:$AO$1004,'Post Tracker'!$K$5:$K$1004,$B90,'Post Tracker'!$B$5:$B$1004,">="&$C$4,'Post Tracker'!$B$5:$B$1004,"<="&$F$4)) | F90: =IF($B90="","",SUMIFS('Post Tracker'!$AR$5:$AR$1004,'Post Tracker'!$K$5:$K$1004,$B90,'Post Tracker'!$B$5:$B$1004,">="&$C$4,'Post Tracker'!$B$5:$B$1004,"<="&$F$4)) | G90: =IF($B90="","",IFERROR(SUMIFS('Post Tracker'!$BP$5:$BP$1004,'Post Tracker'!$K$5:$K$1004,$B90,'Post Tracker'!$B$5:$B$1004,">="&$C$4,'Post Tracker'!$B$5:$B$1004,"<="&$F$4)/E90,"")) | H90: =IF($B90="","",IFERROR(F90/SUMIFS('Post Tracker'!$BQ$5:$BQ$1004,'Post Tracker'!$K$5:$K$1004,$B90,'Post Tracker'!$B$5:$B$1004,">="&$C$4,'Post Tracker'!$B$5:$B$1004,"<="&$F$4),"")) | I90: =IF($B90="","",SUMIFS('Post Tracker'!$AJ$5:$AJ$1004,'Post Tracker'!$K$5:$K$1004,$B90,'Post Tracker'!$B$5:$B$1004,">="&$C$4,'Post Tracker'!$B$5:$B$1004,"<="&$F$4)) | J90: =IF($B90="","",IFERROR(I90/D90,"")) | K90: =IF($B90="","",SUMIFS('Post Tracker'!$AZ$5:$AZ$1004,'Post Tracker'!$K$5:$K$1004,$B90,'Post Tracker'!$B$5:$B$1004,">="&$C$4,'Post Tracker'!$B$5:$B$1004,"<="&$F$4)) | L90: =IF($B90="","",SUMIFS('Post Tracker'!$BB$5:$BB$1004,'Post Tracker'!$K$5:$K$1004,$B90,'Post Tracker'!$B$5:$B$1004,">="&$C$4,'Post Tracker'!$B$5:$B$1004,"<="&$F$4)) | M90: =IF($B90="","",SUMIFS('Post Tracker'!$BD$5:$BD$1004,'Post Tracker'!$K$5:$K$1004,$B90,'Post Tracker'!$B$5:$B$1004,">="&$C$4,'Post Tracker'!$B$5:$B$1004,"<="&$F$4)) | N90: =IF($B90="","",SUMIFS('Post Tracker'!$BF$5:$BF$1004,'Post Tracker'!$K$5:$K$1004,$B90,'Post Tracker'!$B$5:$B$1004,">="&$C$4,'Post Tracker'!$B$5:$B$1004,"<="&$F$4)) | O90: =IF($B90="","",IFERROR(M90/K90,"")) | P90: =IF($B90="","",SUMIFS('Post Tracker'!$BH$5:$BH$1004,'Post Tracker'!$K$5:$K$1004,$B90,'Post Tracker'!$B$5:$B$1004,">="&$C$4,'Post Tracker'!$B$5:$B$1004,"<="&$F$4))
B91: =IF('Case Studies'!$B$14="","",'Case Studies'!$B$14) | C91: =IF($B91="","",COUNTIFS('Post Tracker'!$K$5:$K$1004,$B91,'Post Tracker'!$B$5:$B$1004,">="&$C$4,'Post Tracker'!$B$5:$B$1004,"<="&$F$4)) | D91: =IF($B91="","",SUMIFS('Post Tracker'!$AC$5:$AC$1004,'Post Tracker'!$K$5:$K$1004,$B91,'Post Tracker'!$B$5:$B$1004,">="&$C$4,'Post Tracker'!$B$5:$B$1004,"<="&$F$4)) | E91: =IF($B91="","",SUMIFS('Post Tracker'!$AO$5:$AO$1004,'Post Tracker'!$K$5:$K$1004,$B91,'Post Tracker'!$B$5:$B$1004,">="&$C$4,'Post Tracker'!$B$5:$B$1004,"<="&$F$4)) | F91: =IF($B91="","",SUMIFS('Post Tracker'!$AR$5:$AR$1004,'Post Tracker'!$K$5:$K$1004,$B91,'Post Tracker'!$B$5:$B$1004,">="&$C$4,'Post Tracker'!$B$5:$B$1004,"<="&$F$4)) | G91: =IF($B91="","",IFERROR(SUMIFS('Post Tracker'!$BP$5:$BP$1004,'Post Tracker'!$K$5:$K$1004,$B91,'Post Tracker'!$B$5:$B$1004,">="&$C$4,'Post Tracker'!$B$5:$B$1004,"<="&$F$4)/E91,"")) | H91: =IF($B91="","",IFERROR(F91/SUMIFS('Post Tracker'!$BQ$5:$BQ$1004,'Post Tracker'!$K$5:$K$1004,$B91,'Post Tracker'!$B$5:$B$1004,">="&$C$4,'Post Tracker'!$B$5:$B$1004,"<="&$F$4),"")) | I91: =IF($B91="","",SUMIFS('Post Tracker'!$AJ$5:$AJ$1004,'Post Tracker'!$K$5:$K$1004,$B91,'Post Tracker'!$B$5:$B$1004,">="&$C$4,'Post Tracker'!$B$5:$B$1004,"<="&$F$4)) | J91: =IF($B91="","",IFERROR(I91/D91,"")) | K91: =IF($B91="","",SUMIFS('Post Tracker'!$AZ$5:$AZ$1004,'Post Tracker'!$K$5:$K$1004,$B91,'Post Tracker'!$B$5:$B$1004,">="&$C$4,'Post Tracker'!$B$5:$B$1004,"<="&$F$4)) | L91: =IF($B91="","",SUMIFS('Post Tracker'!$BB$5:$BB$1004,'Post Tracker'!$K$5:$K$1004,$B91,'Post Tracker'!$B$5:$B$1004,">="&$C$4,'Post Tracker'!$B$5:$B$1004,"<="&$F$4)) | M91: =IF($B91="","",SUMIFS('Post Tracker'!$BD$5:$BD$1004,'Post Tracker'!$K$5:$K$1004,$B91,'Post Tracker'!$B$5:$B$1004,">="&$C$4,'Post Tracker'!$B$5:$B$1004,"<="&$F$4)) | N91: =IF($B91="","",SUMIFS('Post Tracker'!$BF$5:$BF$1004,'Post Tracker'!$K$5:$K$1004,$B91,'Post Tracker'!$B$5:$B$1004,">="&$C$4,'Post Tracker'!$B$5:$B$1004,"<="&$F$4)) | O91: =IF($B91="","",IFERROR(M91/K91,"")) | P91: =IF($B91="","",SUMIFS('Post Tracker'!$BH$5:$BH$1004,'Post Tracker'!$K$5:$K$1004,$B91,'Post Tracker'!$B$5:$B$1004,">="&$C$4,'Post Tracker'!$B$5:$B$1004,"<="&$F$4))
